cutoff,method,kitchen,sku,horizon_days,mae,wape,bias_pct,actual_units,forecast_units
2026-04-30,naive_last_day,BKK_Ladprao,Guava,28,7.892857142857143,0.1626195732155997,-0.1346578366445916,1359.0,1176.0
2026-04-30,naive_last_day,BKK_Ladprao,PassionFruit,28,6.607142857142857,0.17177344475394615,0.14391829155060354,1077.0,1232.0
2026-04-30,naive_last_day,BKK_Ladprao,Pineapple,28,10.214285714285714,0.12756467439785907,0.06155218554861731,2242.0,2380.0
2026-04-30,naive_last_day,BKK_Ladprao,Watermelon,28,30.964285714285715,0.240499306518724,0.18058252427184465,3605.0,4256.0
2026-04-30,naive_last_day,BKK_Sukhumvit,Guava,28,16.071428571428573,0.18734388009991673,0.13072439633638636,2402.0,2716.0
2026-04-30,naive_last_day,BKK_Sukhumvit,PassionFruit,28,10.107142857142858,0.15158007498660953,0.06480985538296732,1867.0,1988.0
2026-04-30,naive_last_day,BKK_Sukhumvit,Pineapple,28,19.392857142857142,0.14445331205107742,0.11731843575418995,3759.0,4200.0
2026-04-30,naive_last_day,BKK_Sukhumvit,Watermelon,28,23.035714285714285,0.11001193928023197,-0.025754733071806243,5863.0,5712.0
2026-04-30,naive_last_day,Pattaya_Beach,Guava,28,13.25,0.1368498708963482,0.01217263002582073,2711.0,2744.0
2026-04-30,naive_last_day,Pattaya_Beach,PassionFruit,28,10.178571428571429,0.13526340768865686,-0.08305647840531562,2107.0,1932.0
2026-04-30,naive_last_day,Pattaya_Beach,Pineapple,28,17.392857142857142,0.1171517921578061,-0.09742602838585518,4157.0,3752.0
2026-04-30,naive_last_day,Pattaya_Beach,Watermelon,28,33.035714285714285,0.14008783886112372,-0.10949568378009995,6603.0,5880.0
2026-04-30,naive_last_day,Pattaya_Central,Guava,28,10.928571428571429,0.09770114942528736,0.0280970625798212,3132.0,3220.0
2026-04-30,naive_last_day,Pattaya_Central,PassionFruit,28,13.5,0.1529126213592233,-0.0372168284789644,2472.0,2380.0
2026-04-30,naive_last_day,Pattaya_Central,Pineapple,28,30.392857142857142,0.171607178866707,0.12361363178060093,4959.0,5572.0
2026-04-30,naive_last_day,Pattaya_Central,Watermelon,28,36.785714285714285,0.1330749354005168,0.016537467700258397,7740.0,7868.0
2026-04-30,naive_last_day,BKK_Ladprao,MixedBerryPremium,28,7.892857142857143,0.30995792426367463,0.21739130434782608,713.0,868.0
2026-04-30,naive_last_day,BKK_Sukhumvit,MixedBerryPremium,28,13.035714285714286,0.323868677905945,0.2919254658385093,1127.0,1456.0
2026-04-30,naive_last_day,Pattaya_Beach,MixedBerryPremium,28,7.321428571428571,0.1607843137254902,-0.03372549019607843,1275.0,1232.0
2026-04-30,naive_last_day,Pattaya_Central,MixedBerryPremium,28,9.928571428571429,0.1770700636942675,0.14140127388535031,1570.0,1792.0
2026-04-30,moving_avg_4w,BKK_Ladprao,Guava,28,13.984693877551015,0.2881320298538841,0.27446651949963197,1359.0,1732.0
2026-04-30,moving_avg_4w,BKK_Ladprao,PassionFruit,28,9.130102040816329,0.23736569836848395,0.2265552460538534,1077.0,1320.9999999999995
2026-04-30,moving_avg_4w,BKK_Ladprao,Pineapple,28,19.43622448979591,0.24273607748184012,0.21632471008028537,2242.0,2727.000000000001
2026-04-30,moving_avg_4w,BKK_Ladprao,Watermelon,28,24.790816326530603,0.19255002972062604,0.11955617198335639,3605.0,4036.000000000001
2026-04-30,moving_avg_4w,BKK_Sukhumvit,Guava,28,19.79336734693877,0.23073034376115134,0.18193172356369683,2402.0,2839.000000000001
2026-04-30,moving_avg_4w,BKK_Sukhumvit,PassionFruit,28,15.288265306122444,0.22928303619251658,0.18960899839314402,1867.0,2221.0
2026-04-30,moving_avg_4w,BKK_Sukhumvit,Pineapple,28,30.079081632653054,0.22405274959145666,0.2059058260175578,3759.0,4533.0
2026-04-30,moving_avg_4w,BKK_Sukhumvit,Watermelon,28,49.543367346938794,0.23660485855607816,0.17226675763261137,5863.0,6872.999999999998
2026-04-30,moving_avg_4w,Pattaya_Beach,Guava,28,19.188775510204078,0.19818727933814614,0.1530800442641091,2711.0,3126.000000000001
2026-04-30,moving_avg_4w,Pattaya_Beach,PassionFruit,28,16.9438775510204,0.22516780798698208,0.2045562411010915,2107.0,2538.000000000001
2026-04-30,moving_avg_4w,Pattaya_Beach,Pineapple,28,44.95408163265305,0.3027939104436578,0.2739956699542939,4157.0,5295.999999999999
2026-04-30,moving_avg_4w,Pattaya_Beach,Watermelon,28,52.24234693877549,0.22153350208779551,0.15053763440860207,6603.0,7596.999999999999
2026-04-30,moving_avg_4w,Pattaya_Central,Guava,28,25.673469387755087,0.22952016055464317,0.22509578544061287,3132.0,3836.9999999999995
2026-04-30,moving_avg_4w,Pattaya_Central,PassionFruit,28,26.341836734693864,0.29837031900138683,0.24838187702265363,2472.0,3086.0
2026-04-30,moving_avg_4w,Pattaya_Central,Pineapple,28,45.91836734693876,0.25926886180969655,0.22887678967533773,4959.0,6093.999999999999
2026-04-30,moving_avg_4w,Pattaya_Central,Watermelon,28,59.969387755102034,0.21694352159468436,0.16253229974160202,7740.0,8998.0
2026-04-30,moving_avg_4w,BKK_Ladprao,MixedBerryPremium,28,9.829081632653063,0.3859947906231217,0.3141654978962133,713.0,936.9999999999998
2026-04-30,moving_avg_4w,BKK_Sukhumvit,MixedBerryPremium,28,15.943877551020405,0.3961211813918113,0.3735581188997338,1127.0,1547.9999999999998
2026-04-30,moving_avg_4w,Pattaya_Beach,MixedBerryPremium,28,15.30102040816327,0.33602240896358554,0.3207843137254903,1275.0,1684.0
2026-04-30,moving_avg_4w,Pattaya_Central,MixedBerryPremium,28,14.836734693877544,0.26460418562329374,0.2509554140127387,1570.0,1963.9999999999998
2026-04-30,exp_smoothing_4w,BKK_Ladprao,Guava,28,9.74510250518213,0.20078209723701224,0.15982929963439252,1359.0,1576.20801820314
2026-04-30,exp_smoothing_4w,BKK_Ladprao,PassionFruit,28,6.574725710737679,0.17093065914638347,0.14195179179962403,1077.0,1229.8820797681954
2026-04-30,exp_smoothing_4w,BKK_Ladprao,Pineapple,28,15.414483149977046,0.19250915619953493,0.1578329979235667,2242.0,2595.8615813446368
2026-04-30,exp_smoothing_4w,BKK_Ladprao,Watermelon,28,18.96359455272405,0.1472900547784392,0.05940996018496053,3605.0,3819.172906466782
2026-04-30,exp_smoothing_4w,BKK_Sukhumvit,Guava,28,12.417055478545848,0.14474502639437292,0.06740097815070538,2402.0,2563.897149517994
2026-04-30,exp_smoothing_4w,BKK_Sukhumvit,PassionFruit,28,11.445775631989417,0.17165598162597945,0.09994269200186459,1867.0,2053.593005967481
2026-04-30,exp_smoothing_4w,BKK_Sukhumvit,Pineapple,28,17.19264996096147,0.1280644317390054,0.09819807539010592,3759.0,4128.126565391408
2026-04-30,exp_smoothing_4w,BKK_Sukhumvit,Watermelon,28,33.155019302808114,0.15833882662094956,0.07265544426062956,5863.0,6288.978869700072
2026-04-30,exp_smoothing_4w,Pattaya_Beach,Guava,28,14.104494896297755,0.145675343820117,0.04514658792686983,2711.0,2833.392399869745
2026-04-30,exp_smoothing_4w,Pattaya_Beach,PassionFruit,28,11.424669573842822,0.15182285147963884,0.08025348580411829,2107.0,2276.0940945892767
2026-04-30,exp_smoothing_4w,Pattaya_Beach,Pineapple,28,29.707755561092743,0.2001003501829677,0.1615636312234054,4157.0,4828.620014995697
2026-04-30,exp_smoothing_4w,Pattaya_Beach,Watermelon,28,37.65713881835627,0.15968497454399147,0.04479778492018047,6603.0,6898.799773827954
2026-04-30,exp_smoothing_4w,Pattaya_Central,Guava,28,16.293607723584866,0.14566443686474337,0.11044362157232655,3132.0,3477.909422764528
2026-04-30,exp_smoothing_4w,Pattaya_Central,PassionFruit,28,18.32614054888483,0.20757764375759516,0.14056670181850994,2472.0,2819.480886895356
2026-04-30,exp_smoothing_4w,Pattaya_Central,Pineapple,28,33.423040885415205,0.1887165042935321,0.14744233674462887,4959.0,5690.166547916614
2026-04-30,exp_smoothing_4w,Pattaya_Central,Watermelon,28,44.586816498650236,0.1612959769977011,0.08053448273716468,7740.0,8363.336896385654
2026-04-30,exp_smoothing_4w,BKK_Ladprao,MixedBerryPremium,28,7.07470673388941,0.27782859544025734,0.1724102439950419,713.0,835.9285039684647
2026-04-30,exp_smoothing_4w,BKK_Sukhumvit,MixedBerryPremium,28,12.32315307761287,0.3061652938537359,0.27127151777759884,1127.0,1432.7230005353538
2026-04-30,exp_smoothing_4w,Pattaya_Beach,MixedBerryPremium,28,9.743695694562806,0.21397919956686948,0.16367928551653138,1275.0,1483.6910890335773
2026-04-30,exp_smoothing_4w,Pattaya_Central,MixedBerryPremium,28,8.6608152586459,0.15446039951725174,0.0887948511323813,1570.0,1709.4079162778385
2026-04-30,seasonal_naive_7d,BKK_Ladprao,Guava,28,9.535714285714286,0.19646799116997793,0.0772626931567329,1359.0,1464.0
2026-04-30,seasonal_naive_7d,BKK_Ladprao,PassionFruit,28,10.25,0.26648096564531104,0.15877437325905291,1077.0,1248.0
2026-04-30,seasonal_naive_7d,BKK_Ladprao,Pineapple,28,16.285714285714285,0.2033898305084746,0.1471900089206066,2242.0,2572.0
2026-04-30,seasonal_naive_7d,BKK_Ladprao,Watermelon,28,18.535714285714285,0.14396671289875174,0.026352288488210817,3605.0,3700.0
2026-04-30,seasonal_naive_7d,BKK_Sukhumvit,Guava,28,13.071428571428571,0.1523730224812656,0.027477102414654453,2402.0,2468.0
2026-04-30,seasonal_naive_7d,BKK_Sukhumvit,PassionFruit,28,13.178571428571429,0.19764327798607392,0.09266202463845742,1867.0,2040.0
2026-04-30,seasonal_naive_7d,BKK_Sukhumvit,Pineapple,28,23.892857142857142,0.1779728651237031,0.08326682628358606,3759.0,4072.0
2026-04-30,seasonal_naive_7d,BKK_Sukhumvit,Watermelon,28,30.607142857142858,0.14617090226846324,0.034282790380351355,5863.0,6064.0
2026-04-30,seasonal_naive_7d,Pattaya_Beach,Guava,28,11.321428571428571,0.11693102176318701,-0.005533013648100332,2711.0,2696.0
2026-04-30,seasonal_naive_7d,Pattaya_Beach,PassionFruit,28,10.607142857142858,0.14095870906502136,0.06502135738016136,2107.0,2244.0
2026-04-30,seasonal_naive_7d,Pattaya_Beach,Pineapple,28,32.464285714285715,0.21866730815491942,0.16333894635554486,4157.0,4836.0
2026-04-30,seasonal_naive_7d,Pattaya_Beach,Watermelon,28,28.321428571428573,0.12009692563986067,0.019536574284416176,6603.0,6732.0
2026-04-30,seasonal_naive_7d,Pattaya_Central,Guava,28,11.428571428571429,0.10217113665389528,0.07535121328224777,3132.0,3368.0
2026-04-30,seasonal_naive_7d,Pattaya_Central,PassionFruit,28,20.571428571428573,0.23300970873786409,0.1343042071197411,2472.0,2804.0
2026-04-30,seasonal_naive_7d,Pattaya_Central,Pineapple,28,32.75,0.1849163137729381,0.132486388384755,4959.0,5616.0
2026-04-30,seasonal_naive_7d,Pattaya_Central,Watermelon,28,37.785714285714285,0.13669250645994832,0.06511627906976744,7740.0,8244.0
2026-04-30,seasonal_naive_7d,BKK_Ladprao,MixedBerryPremium,28,6.535714285714286,0.25666199158485276,0.07713884992987377,713.0,768.0
2026-04-30,seasonal_naive_7d,BKK_Sukhumvit,MixedBerryPremium,28,12.607142857142858,0.3132209405501331,0.23868677905944988,1127.0,1396.0
2026-04-30,seasonal_naive_7d,Pattaya_Beach,MixedBerryPremium,28,8.535714285714286,0.18745098039215685,0.11058823529411765,1275.0,1416.0
2026-04-30,seasonal_naive_7d,Pattaya_Central,MixedBerryPremium,28,8.714285714285714,0.1554140127388535,0.016560509554140127,1570.0,1596.0
2026-04-30,weekday_median_8w,BKK_Ladprao,Guava,28,8.214285714285714,0.1692420897718911,0.08167770419426049,1359.0,1470.0
2026-04-30,weekday_median_8w,BKK_Ladprao,PassionFruit,28,5.785714285714286,0.15041782729805014,0.056638811513463325,1077.0,1138.0
2026-04-30,weekday_median_8w,BKK_Ladprao,Pineapple,28,10.107142857142858,0.12622658340767173,0.03389830508474576,2242.0,2318.0
2026-04-30,weekday_median_8w,BKK_Ladprao,Watermelon,28,13.142857142857142,0.10208044382801665,-0.05242718446601942,3605.0,3416.0
2026-04-30,weekday_median_8w,BKK_Sukhumvit,Guava,28,12.464285714285714,0.14529558701082432,-0.0466278101582015,2402.0,2290.0
2026-04-30,weekday_median_8w,BKK_Sukhumvit,PassionFruit,28,8.928571428571429,0.1339046598821639,0.03802892340653455,1867.0,1938.0
2026-04-30,weekday_median_8w,BKK_Sukhumvit,Pineapple,28,10.785714285714286,0.08034051609470604,0.02261239691407289,3759.0,3844.0
2026-04-30,weekday_median_8w,BKK_Sukhumvit,Watermelon,28,25.428571428571427,0.12143953607368242,-0.0066518847006651885,5863.0,5824.0
2026-04-30,weekday_median_8w,Pattaya_Beach,Guava,28,9.678571428571429,0.099963113242346,-0.01217263002582073,2711.0,2678.0
2026-04-30,weekday_median_8w,Pattaya_Beach,PassionFruit,28,9.142857142857142,0.12149976269577599,0.04129093497864262,2107.0,2194.0
2026-04-30,weekday_median_8w,Pattaya_Beach,Pineapple,28,18.535714285714285,0.12484965119076256,0.06374789511667067,4157.0,4422.0
2026-04-30,weekday_median_8w,Pattaya_Beach,Watermelon,28,28.357142857142858,0.12024837195214297,-0.033166742389822805,6603.0,6384.0
2026-04-30,weekday_median_8w,Pattaya_Central,Guava,28,9.142857142857142,0.08173690932311622,0.009578544061302681,3132.0,3162.0
2026-04-30,weekday_median_8w,Pattaya_Central,PassionFruit,28,12.535714285714286,0.14199029126213591,0.03398058252427184,2472.0,2556.0
2026-04-30,weekday_median_8w,Pattaya_Central,Pineapple,28,17.428571428571427,0.09840693688243597,0.025206694898164954,4959.0,5084.0
2026-04-30,weekday_median_8w,Pattaya_Central,Watermelon,28,31.321428571428573,0.11330749354005168,-0.013436692506459949,7740.0,7636.0
2026-04-30,weekday_median_8w,BKK_Ladprao,MixedBerryPremium,28,8.214285714285714,0.3225806451612903,0.25105189340813466,713.0,892.0
2026-04-30,weekday_median_8w,BKK_Sukhumvit,MixedBerryPremium,28,15.5,0.38509316770186336,0.3380656610470275,1127.0,1508.0
2026-04-30,weekday_median_8w,Pattaya_Beach,MixedBerryPremium,28,14.071428571428571,0.30901960784313726,0.2847058823529412,1275.0,1638.0
2026-04-30,weekday_median_8w,Pattaya_Central,MixedBerryPremium,28,16.321428571428573,0.2910828025477707,0.25605095541401274,1570.0,1972.0
2026-05-31,naive_last_day,BKK_Ladprao,Guava,28,17.178571428571427,0.491317671092952,0.4586312563840654,979.0,1428.0
2026-05-31,naive_last_day,BKK_Ladprao,PassionFruit,28,7.857142857142857,0.2756892230576441,0.22807017543859648,798.0,980.0
2026-05-31,naive_last_day,BKK_Ladprao,Pineapple,28,18.357142857142858,0.309265944645006,0.2972322503008424,1662.0,2156.0
2026-05-31,naive_last_day,BKK_Ladprao,Watermelon,28,28.214285714285715,0.31176006314127863,0.2596685082872928,2534.0,3192.0
2026-05-31,naive_last_day,BKK_Sukhumvit,Guava,28,32.035714285714285,0.5486238532110091,0.5241590214067279,1635.0,2492.0
2026-05-31,naive_last_day,BKK_Sukhumvit,PassionFruit,28,21.821428571428573,0.45292809488510005,0.45292809488510005,1349.0,1960.0
2026-05-31,naive_last_day,BKK_Sukhumvit,Pineapple,28,54.357142857142854,0.5466954022988506,0.5287356321839081,2784.0,4256.0
2026-05-31,naive_last_day,BKK_Sukhumvit,Watermelon,28,70.85714285714286,0.5056065239551478,0.5056065239551478,3924.0,5908.0
2026-05-31,naive_last_day,Pattaya_Beach,Guava,28,48.392857142857146,0.7392253136933988,0.7261320240043644,1833.0,3164.0
2026-05-31,naive_last_day,Pattaya_Beach,PassionFruit,28,54.214285714285715,0.9895697522816167,0.9895697522816167,1534.0,3052.0
2026-05-31,naive_last_day,Pattaya_Beach,Pineapple,28,72.10714285714286,0.675025075225677,0.6382480775660314,2991.0,4900.0
2026-05-31,naive_last_day,Pattaya_Beach,Watermelon,28,82.53571428571429,0.511170095111701,0.49259013492590137,4521.0,6748.0
2026-05-31,naive_last_day,Pattaya_Central,Guava,28,66.0,0.8354430379746836,0.8354430379746836,2212.0,4060.0
2026-05-31,naive_last_day,Pattaya_Central,PassionFruit,28,51.357142857142854,0.8458823529411764,0.8447058823529412,1700.0,3136.0
2026-05-31,naive_last_day,Pattaya_Central,Pineapple,28,74.21428571428571,0.6040697674418605,0.5790697674418605,3440.0,5432.0
2026-05-31,naive_last_day,Pattaya_Central,Watermelon,28,102.03571428571429,0.5283891252080636,0.5069354540410579,5407.0,8148.0
2026-05-31,naive_last_day,BKK_Ladprao,MixedBerryPremium,28,10.0,0.625,0.625,448.0,728.0
2026-05-31,naive_last_day,BKK_Sukhumvit,MixedBerryPremium,28,10.892857142857142,0.39765319426336376,0.35071707953063885,767.0,1036.0
2026-05-31,naive_last_day,Pattaya_Beach,MixedBerryPremium,28,24.25,0.8016528925619835,0.7851239669421488,847.0,1512.0
2026-05-31,naive_last_day,Pattaya_Central,MixedBerryPremium,28,19.464285714285715,0.5255544840887174,0.45805207328833175,1037.0,1512.0
2026-05-31,moving_avg_4w,BKK_Ladprao,Guava,28,14.188775510204085,0.40580767547059693,0.36363636363636376,979.0,1334.9999999999995
2026-05-31,moving_avg_4w,BKK_Ladprao,PassionFruit,28,11.489795918367353,0.4031507339778019,0.37343358395989995,798.0,1096.0
2026-05-31,moving_avg_4w,BKK_Ladprao,Pineapple,28,21.57397959183672,0.36346054667354283,0.3555956678700359,1662.0,2253.0
2026-05-31,moving_avg_4w,BKK_Ladprao,Watermelon,28,40.0204081632653,0.4422144548427105,0.400157853196527,2534.0,3548.0
2026-05-31,moving_avg_4w,BKK_Sukhumvit,Guava,28,31.007653061224485,0.5310179117518566,0.5051987767584096,1635.0,2461.000000000001
2026-05-31,moving_avg_4w,BKK_Sukhumvit,PassionFruit,28,18.05867346938776,0.3748279148575665,0.37361008154188297,1349.0,1852.9999999999995
2026-05-31,moving_avg_4w,BKK_Sukhumvit,Pineapple,28,37.24489795918368,0.3745894909688014,0.3433908045977012,2784.0,3740.0
2026-05-31,moving_avg_4w,BKK_Sukhumvit,Watermelon,28,67.17857142857146,0.4793577981651378,0.4793577981651378,3924.0,5805.0
2026-05-31,moving_avg_4w,Pattaya_Beach,Guava,28,33.07142857142857,0.5051827605019095,0.47408619749045283,1833.0,2702.0
2026-05-31,moving_avg_4w,Pattaya_Beach,PassionFruit,28,22.67346938775511,0.4138573291115665,0.38461538461538475,1534.0,2124.0
2026-05-31,moving_avg_4w,Pattaya_Beach,Pineapple,28,48.130102040816304,0.45056598366528133,0.39652290203945145,2991.0,4177.0
2026-05-31,moving_avg_4w,Pattaya_Beach,Watermelon,28,75.00765306122449,0.46454640250260687,0.44238000442380004,4521.0,6520.999999999999
2026-05-31,moving_avg_4w,Pattaya_Central,Guava,28,35.43877551020409,0.44859209506587455,0.42857142857142866,2212.0,3159.999999999999
2026-05-31,moving_avg_4w,Pattaya_Central,PassionFruit,28,29.510204081632658,0.4860504201680673,0.4564705882352942,1700.0,2476.0000000000005
2026-05-31,moving_avg_4w,Pattaya_Central,Pineapple,28,58.85969387755103,0.47909053156146186,0.44447674418604666,3440.0,4968.999999999998
2026-05-31,moving_avg_4w,Pattaya_Central,Watermelon,28,84.625,0.43822822267431105,0.40983909746624747,5407.0,7623.0
2026-05-31,moving_avg_4w,BKK_Ladprao,MixedBerryPremium,28,9.285714285714283,0.5803571428571427,0.5803571428571427,448.0,708.0000000000002
2026-05-31,moving_avg_4w,BKK_Sukhumvit,MixedBerryPremium,28,14.071428571428571,0.5136897001303781,0.4784876140808344,767.0,1134.0
2026-05-31,moving_avg_4w,Pattaya_Beach,MixedBerryPremium,28,15.561224489795924,0.5144206442907744,0.47579693034238507,847.0,1250.0
2026-05-31,moving_avg_4w,Pattaya_Central,MixedBerryPremium,28,21.089285714285715,0.5694310511089682,0.5053037608486017,1037.0,1561.0
2026-05-31,exp_smoothing_4w,BKK_Ladprao,Guava,28,13.117937265530015,0.3751810453879882,0.32790529520665357,979.0,1300.0192840073141
2026-05-31,exp_smoothing_4w,BKK_Ladprao,PassionFruit,28,11.30027984979044,0.39650104736106806,0.36627238298803294,798.0,1090.2853616244504
2026-05-31,exp_smoothing_4w,BKK_Ladprao,Pineapple,28,18.033908379842213,0.303820357783142,0.29136777214191184,1662.0,2146.2532372998576
2026-05-31,exp_smoothing_4w,BKK_Ladprao,Watermelon,28,37.48726459860133,0.41422391821658927,0.3700141983683966,2534.0,3471.615978665516
2026-05-31,exp_smoothing_4w,BKK_Sukhumvit,Guava,28,31.600769499463784,0.5411752574831719,0.5161374567767492,1635.0,2478.884741829984
2026-05-31,exp_smoothing_4w,BKK_Sukhumvit,PassionFruit,28,17.41823774760204,0.36153495695541665,0.3592945884164908,1349.0,1833.688399773846
2026-05-31,exp_smoothing_4w,BKK_Sukhumvit,Pineapple,28,34.44015561427519,0.34638087543092866,0.3130122955569152,2784.0,3655.426230830453
2026-05-31,exp_smoothing_4w,BKK_Sukhumvit,Watermelon,28,59.493617104421524,0.42452122296732997,0.42102834440784986,3924.0,5576.115223456405
2026-05-31,exp_smoothing_4w,Pattaya_Beach,Guava,28,32.27810147293261,0.49306428873001257,0.46103553558225613,1833.0,2678.0781367222753
2026-05-31,exp_smoothing_4w,Pattaya_Beach,PassionFruit,28,24.07569278585663,0.4394520195593127,0.415388204395537,1534.0,2171.2055055427536
2026-05-31,exp_smoothing_4w,Pattaya_Beach,Pineapple,28,48.865547000193196,0.4574507910415946,0.4039373099831734,2991.0,4199.176494159672
2026-05-31,exp_smoothing_4w,Pattaya_Beach,Watermelon,28,73.40874374365941,0.45464384534891916,0.431715712104444,4521.0,6472.786734424191
2026-05-31,exp_smoothing_4w,Pattaya_Central,Guava,28,38.437499090567556,0.4865506213995893,0.46944984154619845,2212.0,3250.423049500191
2026-05-31,exp_smoothing_4w,Pattaya_Central,PassionFruit,28,27.798548187741485,0.4578584407392715,0.42357994556836576,1700.0,2420.085907466222
2026-05-31,exp_smoothing_4w,Pattaya_Central,Pineapple,28,57.465069867469815,0.46773894078173106,0.4322519541155672,3440.0,4926.9467221575505
2026-05-31,exp_smoothing_4w,Pattaya_Central,Watermelon,28,77.85047353657855,0.403146524694692,0.37205880733435,5407.0,7418.72197125683
2026-05-31,exp_smoothing_4w,BKK_Ladprao,MixedBerryPremium,28,7.735195006983507,0.4834496879364692,0.47893596646459713,448.0,662.5633129761395
2026-05-31,exp_smoothing_4w,BKK_Sukhumvit,MixedBerryPremium,28,13.17169298370491,0.4808440724168676,0.44311539962013086,767.0,1106.86951150864
2026-05-31,exp_smoothing_4w,Pattaya_Beach,MixedBerryPremium,28,14.665109741840748,0.48479701625919824,0.4438945616929955,847.0,1222.9786937539677
2026-05-31,exp_smoothing_4w,Pattaya_Central,MixedBerryPremium,28,19.92269341727118,0.537931934121112,0.4713816348616798,1037.0,1525.8227553515617
2026-05-31,seasonal_naive_7d,BKK_Ladprao,Guava,28,12.035714285714286,0.3442288049029622,0.29519918283963226,979.0,1268.0
2026-05-31,seasonal_naive_7d,BKK_Ladprao,PassionFruit,28,11.285714285714286,0.39598997493734334,0.3533834586466165,798.0,1080.0
2026-05-31,seasonal_naive_7d,BKK_Ladprao,Pineapple,28,16.714285714285715,0.2815884476534296,0.27075812274368233,1662.0,2112.0
2026-05-31,seasonal_naive_7d,BKK_Ladprao,Watermelon,28,35.857142857142854,0.39621152328334647,0.35280189423835834,2534.0,3428.0
2026-05-31,seasonal_naive_7d,BKK_Sukhumvit,Guava,28,33.75,0.5779816513761468,0.5486238532110091,1635.0,2532.0
2026-05-31,seasonal_naive_7d,BKK_Sukhumvit,PassionFruit,28,17.678571428571427,0.3669384729429207,0.35804299481097107,1349.0,1832.0
2026-05-31,seasonal_naive_7d,BKK_Sukhumvit,Pineapple,28,34.357142857142854,0.34554597701149425,0.2988505747126437,2784.0,3616.0
2026-05-31,seasonal_naive_7d,BKK_Sukhumvit,Watermelon,28,57.5,0.4102956167176351,0.4087665647298675,3924.0,5528.0
2026-05-31,seasonal_naive_7d,Pattaya_Beach,Guava,28,28.321428571428573,0.4326241134751773,0.39879978177850517,1833.0,2564.0
2026-05-31,seasonal_naive_7d,Pattaya_Beach,PassionFruit,28,23.214285714285715,0.423728813559322,0.39504563233376794,1534.0,2140.0
2026-05-31,seasonal_naive_7d,Pattaya_Beach,Pineapple,28,41.75,0.3908391842193246,0.35740554998328317,2991.0,4060.0
2026-05-31,seasonal_naive_7d,Pattaya_Beach,Watermelon,28,65.53571428571429,0.40588365405883653,0.39261225392612253,4521.0,6296.0
2026-05-31,seasonal_naive_7d,Pattaya_Central,Guava,28,37.07142857142857,0.4692585895117541,0.46112115732368897,2212.0,3232.0
2026-05-31,seasonal_naive_7d,Pattaya_Central,PassionFruit,28,24.357142857142858,0.4011764705882353,0.3552941176470588,1700.0,2304.0
2026-05-31,seasonal_naive_7d,Pattaya_Central,Pineapple,28,47.857142857142854,0.38953488372093026,0.3744186046511628,3440.0,4728.0
2026-05-31,seasonal_naive_7d,Pattaya_Central,Watermelon,28,65.46428571428571,0.33900499352690955,0.32051044941742185,5407.0,7140.0
2026-05-31,seasonal_naive_7d,BKK_Ladprao,MixedBerryPremium,28,7.642857142857143,0.47767857142857145,0.41964285714285715,448.0,636.0
2026-05-31,seasonal_naive_7d,BKK_Sukhumvit,MixedBerryPremium,28,11.821428571428571,0.4315514993481095,0.40808344198174706,767.0,1080.0
2026-05-31,seasonal_naive_7d,Pattaya_Beach,MixedBerryPremium,28,13.321428571428571,0.44037780401416765,0.39787485242030696,847.0,1184.0
2026-05-31,seasonal_naive_7d,Pattaya_Central,MixedBerryPremium,28,17.035714285714285,0.45998071359691417,0.42333654773384766,1037.0,1476.0
2026-05-31,weekday_median_8w,BKK_Ladprao,Guava,28,16.607142857142858,0.47497446373850866,0.4402451481103167,979.0,1410.0
2026-05-31,weekday_median_8w,BKK_Ladprao,PassionFruit,28,12.678571428571429,0.4448621553884712,0.42105263157894735,798.0,1134.0
2026-05-31,weekday_median_8w,BKK_Ladprao,Pineapple,28,24.464285714285715,0.4121540312876053,0.4043321299638989,1662.0,2334.0
2026-05-31,weekday_median_8w,BKK_Ladprao,Watermelon,28,39.42857142857143,0.43567482241515393,0.39463299131807417,2534.0,3534.0
2026-05-31,weekday_median_8w,BKK_Sukhumvit,Guava,28,29.0,0.4966360856269113,0.4703363914373089,1635.0,2404.0
2026-05-31,weekday_median_8w,BKK_Sukhumvit,PassionFruit,28,20.107142857142858,0.4173461823573017,0.4173461823573017,1349.0,1912.0
2026-05-31,weekday_median_8w,BKK_Sukhumvit,Pineapple,28,40.25,0.4048132183908046,0.3771551724137931,2784.0,3834.0
2026-05-31,weekday_median_8w,BKK_Sukhumvit,Watermelon,28,68.42857142857143,0.48827726809378186,0.48827726809378186,3924.0,5840.0
2026-05-31,weekday_median_8w,Pattaya_Beach,Guava,28,33.17857142857143,0.5068194217130387,0.4849972722313148,1833.0,2722.0
2026-05-31,weekday_median_8w,Pattaya_Beach,PassionFruit,28,24.142857142857142,0.4406779661016949,0.42633637548891784,1534.0,2188.0
2026-05-31,weekday_median_8w,Pattaya_Beach,Pineapple,28,54.107142857142854,0.506519558676028,0.47174857907054496,2991.0,4402.0
2026-05-31,weekday_median_8w,Pattaya_Beach,Watermelon,28,74.07142857142857,0.45874806458748063,0.44569785445697857,4521.0,6536.0
2026-05-31,weekday_median_8w,Pattaya_Central,Guava,28,38.75,0.49050632911392406,0.4891500904159132,2212.0,3294.0
2026-05-31,weekday_median_8w,Pattaya_Central,PassionFruit,28,32.82142857142857,0.5405882352941176,0.5235294117647059,1700.0,2590.0
2026-05-31,weekday_median_8w,Pattaya_Central,Pineapple,28,61.92857142857143,0.5040697674418605,0.4872093023255814,3440.0,5116.0
2026-05-31,weekday_median_8w,Pattaya_Central,Watermelon,28,84.35714285714286,0.4368411318660995,0.41964120584427594,5407.0,7676.0
2026-05-31,weekday_median_8w,BKK_Ladprao,MixedBerryPremium,28,11.428571428571429,0.7142857142857143,0.7142857142857143,448.0,768.0
2026-05-31,weekday_median_8w,BKK_Sukhumvit,MixedBerryPremium,28,16.607142857142858,0.60625814863103,0.5853976531942634,767.0,1216.0
2026-05-31,weekday_median_8w,Pattaya_Beach,MixedBerryPremium,28,20.285714285714285,0.6706021251475797,0.6552538370720189,847.0,1402.0
2026-05-31,weekday_median_8w,Pattaya_Central,MixedBerryPremium,28,23.464285714285715,0.6335583413693346,0.5891996142719382,1037.0,1648.0
2026-06-30,naive_last_day,BKK_Ladprao,Guava,28,6.357142857142857,0.1877637130801688,0.09282700421940929,948.0,1036.0
2026-06-30,naive_last_day,BKK_Ladprao,PassionFruit,28,4.714285714285714,0.17886178861788618,-0.12737127371273713,738.0,644.0
2026-06-30,naive_last_day,BKK_Ladprao,Pineapple,28,10.892857142857142,0.198180636777128,-0.16309291747888238,1539.0,1288.0
2026-06-30,naive_last_day,BKK_Ladprao,Watermelon,28,13.928571428571429,0.1736420302760463,-0.1522707034728406,2246.0,1904.0
2026-06-30,naive_last_day,BKK_Sukhumvit,Guava,28,5.714285714285714,0.10126582278481013,-0.007594936708860759,1580.0,1568.0
2026-06-30,naive_last_day,BKK_Sukhumvit,PassionFruit,28,8.857142857142858,0.1984,0.12,1250.0,1400.0
2026-06-30,naive_last_day,BKK_Sukhumvit,Pineapple,28,13.25,0.14475224346468982,-0.03862660944206009,2563.0,2464.0
2026-06-30,naive_last_day,BKK_Sukhumvit,Watermelon,28,20.642857142857142,0.15462814339218833,0.11610486891385768,3738.0,4172.0
2026-06-30,naive_last_day,Pattaya_Beach,Guava,28,10.0,0.16073478760045926,-0.11595866819747416,1742.0,1540.0
2026-06-30,naive_last_day,Pattaya_Beach,PassionFruit,28,8.107142857142858,0.15818815331010452,0.05365853658536585,1435.0,1512.0
2026-06-30,naive_last_day,Pattaya_Beach,Pineapple,28,23.25,0.2352728586917239,0.1839537405131912,2767.0,3276.0
2026-06-30,naive_last_day,Pattaya_Beach,Watermelon,28,21.857142857142858,0.14775470787059392,0.0816030902945437,4142.0,4480.0
2026-06-30,naive_last_day,Pattaya_Central,Guava,28,15.821428571428571,0.2189817103311913,0.12110726643598616,2023.0,2268.0
2026-06-30,naive_last_day,Pattaya_Central,PassionFruit,28,9.25,0.15536892621475704,-0.09298140371925614,1667.0,1512.0
2026-06-30,naive_last_day,Pattaya_Central,Pineapple,28,15.678571428571429,0.13282904689863842,-0.000302571860816944,3305.0,3304.0
2026-06-30,naive_last_day,Pattaya_Central,Watermelon,28,23.0,0.12573213588442014,-0.11440843420538852,5122.0,4536.0
2026-06-30,naive_last_day,BKK_Ladprao,MixedBerryPremium,28,5.142857142857143,0.4444444444444444,0.20987654320987653,324.0,392.0
2026-06-30,naive_last_day,BKK_Sukhumvit,MixedBerryPremium,28,4.107142857142857,0.18699186991869918,-0.04390243902439024,615.0,588.0
2026-06-30,naive_last_day,Pattaya_Beach,MixedBerryPremium,28,7.071428571428571,0.276536312849162,0.1340782122905028,716.0,812.0
2026-06-30,naive_last_day,Pattaya_Central,MixedBerryPremium,28,9.642857142857142,0.3117782909930716,-0.25635103926096997,866.0,644.0
2026-06-30,moving_avg_4w,BKK_Ladprao,Guava,28,5.801020408163266,0.1713381555153707,0.03586497890295352,948.0,981.9999999999999
2026-06-30,moving_avg_4w,BKK_Ladprao,PassionFruit,28,3.9056122448979584,0.14818041037553228,0.05013550135501351,738.0,775.0
2026-06-30,moving_avg_4w,BKK_Ladprao,Pineapple,28,7.535714285714287,0.1371020142949968,0.06302794022092272,1539.0,1635.9999999999995
2026-06-30,moving_avg_4w,BKK_Ladprao,Watermelon,28,14.232142857142858,0.177426536064114,0.13134461264470168,2246.0,2541.0
2026-06-30,moving_avg_4w,BKK_Sukhumvit,Guava,28,6.535714285714284,0.11582278481012655,0.034177215189873364,1580.0,1634.0
2026-06-30,moving_avg_4w,BKK_Sukhumvit,PassionFruit,28,8.397959183673468,0.18811428571428568,0.10399999999999995,1250.0,1379.9999999999998
2026-06-30,moving_avg_4w,BKK_Sukhumvit,Pineapple,28,17.23214285714286,0.18825595005852522,0.08271556769410851,2563.0,2774.999999999999
2026-06-30,moving_avg_4w,BKK_Sukhumvit,Watermelon,28,16.64795918367347,0.12470381410991364,0.050294275013376195,3738.0,3926.0000000000005
2026-06-30,moving_avg_4w,Pattaya_Beach,Guava,28,10.438775510204083,0.1677874364441529,0.0516647531572905,1742.0,1831.9999999999995
2026-06-30,moving_avg_4w,Pattaya_Beach,PassionFruit,28,8.535714285714286,0.16655052264808362,0.06829268292682927,1435.0,1533.0
2026-06-30,moving_avg_4w,Pattaya_Beach,Pineapple,28,17.678571428571427,0.1788941091434767,0.08854354897000358,2767.0,3011.9999999999995
2026-06-30,moving_avg_4w,Pattaya_Beach,Watermelon,28,23.693877551020414,0.1601710698765262,0.10091743119266061,4142.0,4560.0
2026-06-30,moving_avg_4w,Pattaya_Central,Guava,28,15.270408163265303,0.21135513028740904,0.10331191300049426,2023.0,2232.0
2026-06-30,moving_avg_4w,Pattaya_Central,PassionFruit,28,8.979591836734693,0.1508269774616505,0.008998200359927981,1667.0,1682.0000000000005
2026-06-30,moving_avg_4w,Pattaya_Central,Pineapple,28,16.311224489795915,0.13818889129025286,0.0354009077155824,3305.0,3422.0
2026-06-30,moving_avg_4w,Pattaya_Central,Watermelon,28,22.446428571428562,0.12270597422881682,0.055251854744240485,5122.0,5405.000000000002
2026-06-30,moving_avg_4w,BKK_Ladprao,MixedBerryPremium,28,6.4515306122448965,0.5575396825396824,0.3858024691358023,324.0,448.99999999999994
2026-06-30,moving_avg_4w,BKK_Sukhumvit,MixedBerryPremium,28,5.841836734693877,0.2659698025551684,0.20813008130081292,615.0,743.0000000000002
2026-06-30,moving_avg_4w,Pattaya_Beach,MixedBerryPremium,28,7.89795918367347,0.3088587390263368,0.18715083798882687,716.0,850.0000000000001
2026-06-30,moving_avg_4w,Pattaya_Central,MixedBerryPremium,28,8.459183673469388,0.2735070933685253,0.17782909930715948,866.0,1020.0000000000001
2026-06-30,exp_smoothing_4w,BKK_Ladprao,Guava,28,5.8357213830029115,0.1723630788228708,0.04064795433795396,948.0,986.5342607123803
2026-06-30,exp_smoothing_4w,BKK_Ladprao,PassionFruit,28,3.8944800393654617,0.14775805027402836,0.014474135886679678,738.0,748.6819122843697
2026-06-30,exp_smoothing_4w,BKK_Ladprao,Pineapple,28,6.75,0.12280701754385964,0.013016000222635611,1539.0,1559.0316243426357
2026-06-30,exp_smoothing_4w,BKK_Ladprao,Watermelon,28,11.59107024072972,0.1445013208995691,0.08152267741801614,2246.0,2429.0999334808644
2026-06-30,exp_smoothing_4w,BKK_Sukhumvit,Guava,28,6.074345400577903,0.10764662735201348,0.013815619876777022,1580.0,1601.8286794053074
2026-06-30,exp_smoothing_4w,BKK_Sukhumvit,PassionFruit,28,9.011068717212348,0.20184793926555658,0.1248271149717792,1250.0,1406.0338937147237
2026-06-30,exp_smoothing_4w,BKK_Sukhumvit,Pineapple,28,16.866453960403277,0.1842609094386624,0.0747254864543829,2563.0,2754.5214217825824
2026-06-30,exp_smoothing_4w,BKK_Sukhumvit,Watermelon,28,16.286261353260482,0.1219944670656216,0.04270810328935841,3738.0,3897.6428900956207
2026-06-30,exp_smoothing_4w,Pattaya_Beach,Guava,28,9.640945374821793,0.15496353070896107,0.007127934735963116,1742.0,1754.4168623100472
2026-06-30,exp_smoothing_4w,Pattaya_Beach,PassionFruit,28,7.900303517706642,0.1541522637601296,0.04558675748541601,1435.0,1500.416996991572
2026-06-30,exp_smoothing_4w,Pattaya_Beach,Pineapple,28,16.09923008391787,0.1629123391216843,0.04959325920634313,2767.0,2904.224548223951
2026-06-30,exp_smoothing_4w,Pattaya_Beach,Watermelon,28,23.40109385800039,0.1581918464567868,0.09783863920639929,4142.0,4547.247643592906
2026-06-30,exp_smoothing_4w,Pattaya_Central,Guava,28,15.540600298291832,0.21509481381718798,0.11203784123664504,2023.0,2249.6525528217335
2026-06-30,exp_smoothing_4w,Pattaya_Central,PassionFruit,28,8.80913672394862,0.14796390418150052,-0.004362808280772004,1667.0,1659.727198595953
2026-06-30,exp_smoothing_4w,Pattaya_Central,Pineapple,28,15.741920890152597,0.13336574430386466,0.007211191812350514,3305.0,3328.832988939819
2026-06-30,exp_smoothing_4w,Pattaya_Central,Watermelon,28,19.69168402587408,0.10764684746670718,0.02470194384168419,5122.0,5248.523356357107
2026-06-30,exp_smoothing_4w,BKK_Ladprao,MixedBerryPremium,28,6.602536653763223,0.5705895873622538,0.40610232108202415,324.0,455.5771520305759
2026-06-30,exp_smoothing_4w,BKK_Sukhumvit,MixedBerryPremium,28,5.084013125274628,0.23146726424014563,0.1477506392495231,615.0,705.866643138457
2026-06-30,exp_smoothing_4w,Pattaya_Beach,MixedBerryPremium,28,6.531742978317707,0.2554312896548824,0.09135084904574971,716.0,781.4072079167565
2026-06-30,exp_smoothing_4w,Pattaya_Central,MixedBerryPremium,28,7.83860409046855,0.2534421645878977,0.1295418023855865,866.0,978.1832008659178
2026-06-30,seasonal_naive_7d,BKK_Ladprao,Guava,28,8.142857142857142,0.24050632911392406,0.046413502109704644,948.0,992.0
2026-06-30,seasonal_naive_7d,BKK_Ladprao,PassionFruit,28,5.642857142857143,0.2140921409214092,0.051490514905149054,738.0,776.0
2026-06-30,seasonal_naive_7d,BKK_Ladprao,Pineapple,28,7.821428571428571,0.14230019493177387,0.021442495126705652,1539.0,1572.0
2026-06-30,seasonal_naive_7d,BKK_Ladprao,Watermelon,28,12.5,0.1558325912733749,0.05966162065894924,2246.0,2380.0
2026-06-30,seasonal_naive_7d,BKK_Sukhumvit,Guava,28,10.071428571428571,0.17848101265822786,0.06329113924050633,1580.0,1680.0
2026-06-30,seasonal_naive_7d,BKK_Sukhumvit,PassionFruit,28,9.428571428571429,0.2112,0.1168,1250.0,1396.0
2026-06-30,seasonal_naive_7d,BKK_Sukhumvit,Pineapple,28,22.035714285714285,0.240733515411627,0.11431915723761217,2563.0,2856.0
2026-06-30,seasonal_naive_7d,BKK_Sukhumvit,Watermelon,28,16.785714285714285,0.12573568753344033,0.061530230069555915,3738.0,3968.0
2026-06-30,seasonal_naive_7d,Pattaya_Beach,Guava,28,9.857142857142858,0.1584385763490241,-0.02870264064293915,1742.0,1692.0
2026-06-30,seasonal_naive_7d,Pattaya_Beach,PassionFruit,28,8.964285714285714,0.17491289198606272,0.050871080139372825,1435.0,1508.0
2026-06-30,seasonal_naive_7d,Pattaya_Beach,Pineapple,28,17.464285714285715,0.17672569569931335,0.04372967112396097,2767.0,2888.0
2026-06-30,seasonal_naive_7d,Pattaya_Beach,Watermelon,28,21.785714285714285,0.147271849348141,0.11250603573153066,4142.0,4608.0
2026-06-30,seasonal_naive_7d,Pattaya_Central,Guava,28,17.107142857142858,0.23677706376668314,0.1309935739001483,2023.0,2288.0
2026-06-30,seasonal_naive_7d,Pattaya_Central,PassionFruit,28,10.107142857142858,0.16976604679064186,0.01739652069586083,1667.0,1696.0
2026-06-30,seasonal_naive_7d,Pattaya_Central,Pineapple,28,11.25,0.09531013615733737,-0.003933434190620273,3305.0,3292.0
2026-06-30,seasonal_naive_7d,Pattaya_Central,Watermelon,28,23.071428571428573,0.1261226083561109,0.03709488481062085,5122.0,5312.0
2026-06-30,seasonal_naive_7d,BKK_Ladprao,MixedBerryPremium,28,7.928571428571429,0.6851851851851852,0.5061728395061729,324.0,488.0
2026-06-30,seasonal_naive_7d,BKK_Sukhumvit,MixedBerryPremium,28,6.607142857142857,0.3008130081300813,0.1902439024390244,615.0,732.0
2026-06-30,seasonal_naive_7d,Pattaya_Beach,MixedBerryPremium,28,6.642857142857143,0.25977653631284914,0.03910614525139665,716.0,744.0
2026-06-30,seasonal_naive_7d,Pattaya_Central,MixedBerryPremium,28,9.5,0.3071593533487298,0.12702078521939955,866.0,976.0
2026-06-30,weekday_median_8w,BKK_Ladprao,Guava,28,9.142857142857142,0.270042194092827,0.17088607594936708,948.0,1110.0
2026-06-30,weekday_median_8w,BKK_Ladprao,PassionFruit,28,7.857142857142857,0.2981029810298103,0.2791327913279133,738.0,944.0
2026-06-30,weekday_median_8w,BKK_Ladprao,Pineapple,28,15.392857142857142,0.28005198180636776,0.24626380766731643,1539.0,1918.0
2026-06-30,weekday_median_8w,BKK_Ladprao,Watermelon,28,27.357142857142858,0.3410507569011576,0.3018699910952805,2246.0,2924.0
2026-06-30,weekday_median_8w,BKK_Sukhumvit,Guava,28,16.214285714285715,0.2873417721518987,0.21265822784810126,1580.0,1916.0
2026-06-30,weekday_median_8w,BKK_Sukhumvit,PassionFruit,28,14.214285714285714,0.3184,0.2464,1250.0,1558.0
2026-06-30,weekday_median_8w,BKK_Sukhumvit,Pineapple,28,28.178571428571427,0.3078423722200546,0.23527116660163871,2563.0,3166.0
2026-06-30,weekday_median_8w,BKK_Sukhumvit,Watermelon,28,37.392857142857146,0.28009630818619585,0.2525414660246121,3738.0,4682.0
2026-06-30,weekday_median_8w,Pattaya_Beach,Guava,28,20.571428571428573,0.330654420206659,0.2663605051664753,1742.0,2206.0
2026-06-30,weekday_median_8w,Pattaya_Beach,PassionFruit,28,14.25,0.2780487804878049,0.22508710801393728,1435.0,1758.0
2026-06-30,weekday_median_8w,Pattaya_Beach,Pineapple,28,30.321428571428573,0.3068305023491146,0.2497289483194796,2767.0,3458.0
2026-06-30,weekday_median_8w,Pattaya_Beach,Watermelon,28,42.17857142857143,0.28512795750845005,0.26170931916948337,4142.0,5226.0
2026-06-30,weekday_median_8w,Pattaya_Central,Guava,28,24.178571428571427,0.3346515076618883,0.2862086010874938,2023.0,2602.0
2026-06-30,weekday_median_8w,Pattaya_Central,PassionFruit,28,17.428571428571427,0.2927414517096581,0.21295740851829634,1667.0,2022.0
2026-06-30,weekday_median_8w,Pattaya_Central,Pineapple,28,32.07142857142857,0.2717095310136157,0.2363086232980333,3305.0,4086.0
2026-06-30,weekday_median_8w,Pattaya_Central,Watermelon,28,47.142857142857146,0.2577118313158922,0.2206169465052714,5122.0,6252.0
2026-06-30,weekday_median_8w,BKK_Ladprao,MixedBerryPremium,28,8.821428571428571,0.7623456790123457,0.6419753086419753,324.0,532.0
2026-06-30,weekday_median_8w,BKK_Sukhumvit,MixedBerryPremium,28,11.321428571428571,0.5154471544715448,0.5024390243902439,615.0,924.0
2026-06-30,weekday_median_8w,Pattaya_Beach,MixedBerryPremium,28,11.25,0.4399441340782123,0.3547486033519553,716.0,970.0
2026-06-30,weekday_median_8w,Pattaya_Central,MixedBerryPremium,28,14.392857142857142,0.4653579676674365,0.43187066974595845,866.0,1240.0
2026-07-31,naive_last_day,BKK_Ladprao,Guava,28,6.107142857142857,0.18647764449291168,-0.05343511450381679,917.0,868.0
2026-07-31,naive_last_day,BKK_Ladprao,PassionFruit,28,4.714285714285714,0.1769436997319035,0.013404825737265416,746.0,756.0
2026-07-31,naive_last_day,BKK_Ladprao,Pineapple,28,6.035714285714286,0.11319490957803081,-0.006028131279303416,1493.0,1484.0
2026-07-31,naive_last_day,BKK_Ladprao,Watermelon,28,8.714285714285714,0.10825199645075421,-0.031055900621118012,2254.0,2184.0
2026-07-31,naive_last_day,BKK_Sukhumvit,Guava,28,20.25,0.3537117903930131,-0.3537117903930131,1603.0,1036.0
2026-07-31,naive_last_day,BKK_Sukhumvit,PassionFruit,28,11.0,0.2464,-0.2384,1250.0,952.0
2026-07-31,naive_last_day,BKK_Sukhumvit,Pineapple,28,8.607142857142858,0.09544554455445545,-0.035247524752475244,2525.0,2436.0
2026-07-31,naive_last_day,BKK_Sukhumvit,Watermelon,28,14.071428571428571,0.10186142709410548,-0.02998965873836608,3868.0,3752.0
2026-07-31,naive_last_day,Pattaya_Beach,Guava,28,12.142857142857142,0.18518518518518517,-0.16122004357298475,1836.0,1540.0
2026-07-31,naive_last_day,Pattaya_Beach,PassionFruit,28,9.321428571428571,0.1806228373702422,0.04636678200692042,1445.0,1512.0
2026-07-31,naive_last_day,Pattaya_Beach,Pineapple,28,15.142857142857142,0.15963855421686746,0.022590361445783132,2656.0,2716.0
2026-07-31,naive_last_day,Pattaya_Beach,Watermelon,28,30.857142857142858,0.19654231119199272,-0.1910828025477707,4396.0,3556.0
2026-07-31,naive_last_day,Pattaya_Central,Guava,28,12.928571428571429,0.17254528122020973,0.014299332697807437,2098.0,2128.0
2026-07-31,naive_last_day,Pattaya_Central,PassionFruit,28,14.714285714285714,0.2409356725146199,-0.2304093567251462,1710.0,1316.0
2026-07-31,naive_last_day,Pattaya_Central,Pineapple,28,13.857142857142858,0.11872705018359853,-0.006119951040391677,3268.0,3248.0
2026-07-31,naive_last_day,Pattaya_Central,Watermelon,28,26.607142857142858,0.1476124430354666,-0.13453536754507628,5047.0,4368.0
2026-07-31,naive_last_day,BKK_Ladprao,MixedBerryPremium,28,2.7142857142857144,0.2289156626506024,-0.07228915662650602,332.0,308.0
2026-07-31,naive_last_day,BKK_Sukhumvit,MixedBerryPremium,28,4.428571428571429,0.2198581560283688,-0.10638297872340426,564.0,504.0
2026-07-31,naive_last_day,Pattaya_Beach,MixedBerryPremium,28,7.178571428571429,0.29515418502202645,-0.2599118942731278,681.0,504.0
2026-07-31,naive_last_day,Pattaya_Central,MixedBerryPremium,28,5.178571428571429,0.20110957004160887,0.009708737864077669,721.0,728.0
2026-07-31,moving_avg_4w,BKK_Ladprao,Guava,28,6.38265306122449,0.19489016980838136,0.03598691384950933,917.0,950.0000000000001
2026-07-31,moving_avg_4w,BKK_Ladprao,PassionFruit,28,4.576530612244897,0.17177326694752967,-0.026809651474530887,746.0,726.0
2026-07-31,moving_avg_4w,BKK_Ladprao,Pineapple,28,6.176020408163266,0.1158262367237585,0.0013395847287341496,1493.0,1495.0
2026-07-31,moving_avg_4w,BKK_Ladprao,Watermelon,28,8.642857142857142,0.10736468500443656,-0.015084294587400102,2254.0,2220.0
2026-07-31,moving_avg_4w,BKK_Sukhumvit,Guava,28,6.9234693877551035,0.12093396310489263,-0.03181534622582654,1603.0,1551.9999999999995
2026-07-31,moving_avg_4w,BKK_Sukhumvit,PassionFruit,28,6.7602040816326525,0.1514285714285714,-0.021599999999999956,1250.0,1222.9999999999995
2026-07-31,moving_avg_4w,BKK_Sukhumvit,Pineapple,28,8.887755102040817,0.09855728429985856,0.008712871287128646,2525.0,2547.0
2026-07-31,moving_avg_4w,BKK_Sukhumvit,Watermelon,28,14.071428571428571,0.10186142709410548,-0.039296794208893426,3868.0,3716.0000000000005
2026-07-31,moving_avg_4w,Pattaya_Beach,Guava,28,10.428571428571429,0.15904139433551198,-0.03159041394335512,1836.0,1778.0
2026-07-31,moving_avg_4w,Pattaya_Beach,PassionFruit,28,8.183673469387756,0.15857637172516068,-0.007612456747404825,1445.0,1434.0000000000002
2026-07-31,moving_avg_4w,Pattaya_Beach,Pineapple,28,16.249999999999996,0.1713102409638554,0.04593373493975897,2656.0,2778.0
2026-07-31,moving_avg_4w,Pattaya_Beach,Watermelon,28,21.95918367346938,0.13986741193292598,-0.0682438580527753,4396.0,4095.9999999999995
2026-07-31,moving_avg_4w,Pattaya_Central,Guava,28,12.482142857142858,0.16658722592945663,-0.029075309818875118,2098.0,2037.0
2026-07-31,moving_avg_4w,Pattaya_Central,PassionFruit,28,9.640306122448978,0.15785296574770258,-0.03333333333333336,1710.0,1652.9999999999998
2026-07-31,moving_avg_4w,Pattaya_Central,Pineapple,28,14.790816326530612,0.1267267004721105,0.021419828641370816,3268.0,3338.0
2026-07-31,moving_avg_4w,Pattaya_Central,Watermelon,28,26.423469387755095,0.1465934501401115,0.005745987715474494,5047.0,5076.000000000002
2026-07-31,moving_avg_4w,BKK_Ladprao,MixedBerryPremium,28,2.841836734693877,0.23967297762478482,0.0030120481927710416,332.0,333.0000000000001
2026-07-31,moving_avg_4w,BKK_Sukhumvit,MixedBerryPremium,28,4.63265306122449,0.22998986828774065,0.06560283687943268,564.0,600.9999999999998
2026-07-31,moving_avg_4w,Pattaya_Beach,MixedBerryPremium,28,5.433673469387755,0.22341095028319696,0.02349486049926575,681.0,696.9999999999999
2026-07-31,moving_avg_4w,Pattaya_Central,MixedBerryPremium,28,7.426020408163266,0.2883891420645929,0.18862690707350904,721.0,857.0000000000001
2026-07-31,exp_smoothing_4w,BKK_Ladprao,Guava,28,6.303968764074526,0.19248759584960384,0.01916889613806677,917.0,934.5778777586072
2026-07-31,exp_smoothing_4w,BKK_Ladprao,PassionFruit,28,4.693857153688425,0.17617694410626794,0.008037536357816701,746.0,751.9960021229313
2026-07-31,exp_smoothing_4w,BKK_Ladprao,Pineapple,28,6.070043715084779,0.11383873008866296,-0.04578987547107056,1493.0,1424.6357159216914
2026-07-31,exp_smoothing_4w,BKK_Ladprao,Watermelon,28,8.705125856230984,0.10813820939417372,-0.02946288182899108,2254.0,2187.590664357454
2026-07-31,exp_smoothing_4w,BKK_Sukhumvit,Guava,28,7.481790024054258,0.13068628862976872,-0.09730520358517684,1603.0,1447.0197586529616
2026-07-31,exp_smoothing_4w,BKK_Sukhumvit,PassionFruit,28,6.966391061580282,0.15604715977939831,-0.05393011845578821,1250.0,1182.5873519302645
2026-07-31,exp_smoothing_4w,BKK_Sukhumvit,Pineapple,28,8.628111372987023,0.09567806671035115,-0.011441651839423294,2525.0,2496.109829105456
2026-07-31,exp_smoothing_4w,BKK_Sukhumvit,Watermelon,28,14.071428571428571,0.10186142709410548,-0.033266697262758056,3868.0,3739.324414987652
2026-07-31,exp_smoothing_4w,Pattaya_Beach,Guava,28,10.674371202282076,0.16278997476247176,-0.010845110117841448,1836.0,1816.0883778236432
2026-07-31,exp_smoothing_4w,Pattaya_Beach,PassionFruit,28,7.661298477153555,0.1484542265469201,-0.04562191394597612,1445.0,1379.0763343480642
2026-07-31,exp_smoothing_4w,Pattaya_Beach,Pineapple,28,15.465863301487149,0.1630437396241115,0.029400732260271255,2656.0,2734.088344883281
2026-07-31,exp_smoothing_4w,Pattaya_Beach,Watermelon,28,22.65482519945879,0.14429824967808147,-0.08625406495608769,4396.0,4016.827130453038
2026-07-31,exp_smoothing_4w,Pattaya_Central,Guava,28,12.520674751866109,0.1671014742861063,-0.02187583282577957,2098.0,2052.104502731515
2026-07-31,exp_smoothing_4w,Pattaya_Central,PassionFruit,28,9.706201981616246,0.1589319622720789,-0.04843928467460182,1710.0,1627.168823206431
2026-07-31,exp_smoothing_4w,Pattaya_Central,Pineapple,28,13.712838880645538,0.11749066360406214,-0.014774657097146506,3268.0,3219.7164206065245
2026-07-31,exp_smoothing_4w,Pattaya_Central,Watermelon,28,24.200068304216895,0.13425835397623798,-0.028792281543371368,5047.0,4901.685355050607
2026-07-31,exp_smoothing_4w,BKK_Ladprao,MixedBerryPremium,28,2.7215426257289854,0.22952769132654094,-0.08085755808964516,332.0,305.1552907142379
2026-07-31,exp_smoothing_4w,BKK_Sukhumvit,MixedBerryPremium,28,4.249378656974372,0.2109620609845433,-0.03234674905327308,564.0,545.756433533954
2026-07-31,exp_smoothing_4w,Pattaya_Beach,MixedBerryPremium,28,5.34959668037189,0.2199540485321776,-0.07894342830608705,681.0,627.2395253235547
2026-07-31,exp_smoothing_4w,Pattaya_Central,MixedBerryPremium,28,6.52486345355073,0.25339275547769824,0.13033052596946712,721.0,814.9683092239859
2026-07-31,seasonal_naive_7d,BKK_Ladprao,Guava,28,6.464285714285714,0.19738276990185388,0.06870229007633588,917.0,980.0
2026-07-31,seasonal_naive_7d,BKK_Ladprao,PassionFruit,28,5.214285714285714,0.19571045576407506,0.05630026809651475,746.0,788.0
2026-07-31,seasonal_naive_7d,BKK_Ladprao,Pineapple,28,9.178571428571429,0.17213663764233086,-0.046215673141326186,1493.0,1424.0
2026-07-31,seasonal_naive_7d,BKK_Ladprao,Watermelon,28,12.428571428571429,0.1543921916592724,-0.009760425909494233,2254.0,2232.0
2026-07-31,seasonal_naive_7d,BKK_Sukhumvit,Guava,28,10.964285714285714,0.1915159076731129,-0.1041796631316282,1603.0,1436.0
2026-07-31,seasonal_naive_7d,BKK_Sukhumvit,PassionFruit,28,8.214285714285714,0.184,-0.0432,1250.0,1196.0
2026-07-31,seasonal_naive_7d,BKK_Sukhumvit,Pineapple,28,11.321428571428571,0.12554455445544555,-0.0019801980198019802,2525.0,2520.0
2026-07-31,seasonal_naive_7d,BKK_Sukhumvit,Watermelon,28,14.214285714285714,0.10289555325749741,-0.016546018614270942,3868.0,3804.0
2026-07-31,seasonal_naive_7d,Pattaya_Beach,Guava,28,15.428571428571429,0.23529411764705882,0.054466230936819175,1836.0,1936.0
2026-07-31,seasonal_naive_7d,Pattaya_Beach,PassionFruit,28,9.607142857142858,0.186159169550173,-0.022837370242214532,1445.0,1412.0
2026-07-31,seasonal_naive_7d,Pattaya_Beach,Pineapple,28,16.071428571428573,0.1694277108433735,0.08885542168674698,2656.0,2892.0
2026-07-31,seasonal_naive_7d,Pattaya_Beach,Watermelon,28,20.214285714285715,0.12875341219290265,-0.06005459508644222,4396.0,4132.0
2026-07-31,seasonal_naive_7d,Pattaya_Central,Guava,28,13.428571428571429,0.17921830314585319,-0.004766444232602479,2098.0,2088.0
2026-07-31,seasonal_naive_7d,Pattaya_Central,PassionFruit,28,10.142857142857142,0.16608187134502925,-0.047953216374269005,1710.0,1628.0
2026-07-31,seasonal_naive_7d,Pattaya_Central,Pineapple,28,18.5,0.15850673194614442,0.0024479804161566705,3268.0,3276.0
2026-07-31,seasonal_naive_7d,Pattaya_Central,Watermelon,28,13.821428571428571,0.07667921537547058,0.0017832375668714088,5047.0,5056.0
2026-07-31,seasonal_naive_7d,BKK_Ladprao,MixedBerryPremium,28,3.2857142857142856,0.27710843373493976,-0.12048192771084337,332.0,292.0
2026-07-31,seasonal_naive_7d,BKK_Sukhumvit,MixedBerryPremium,28,5.857142857142857,0.2907801418439716,-0.03546099290780142,564.0,544.0
2026-07-31,seasonal_naive_7d,Pattaya_Beach,MixedBerryPremium,28,5.607142857142857,0.2305433186490455,-0.12481644640234948,681.0,596.0
2026-07-31,seasonal_naive_7d,Pattaya_Central,MixedBerryPremium,28,8.607142857142858,0.3342579750346741,0.1317614424410541,721.0,816.0
2026-07-31,weekday_median_8w,BKK_Ladprao,Guava,28,6.607142857142857,0.20174482006543076,0.03598691384950927,917.0,950.0
2026-07-31,weekday_median_8w,BKK_Ladprao,PassionFruit,28,5.535714285714286,0.20777479892761394,-0.04289544235924933,746.0,714.0
2026-07-31,weekday_median_8w,BKK_Ladprao,Pineapple,28,7.285714285714286,0.13663764233087744,0.05291359678499665,1493.0,1572.0
2026-07-31,weekday_median_8w,BKK_Ladprao,Watermelon,28,9.464285714285714,0.11756876663708962,0.027506654835847383,2254.0,2316.0
2026-07-31,weekday_median_8w,BKK_Sukhumvit,Guava,28,6.964285714285714,0.12164691203992514,-0.038053649407361195,1603.0,1542.0
2026-07-31,weekday_median_8w,BKK_Sukhumvit,PassionFruit,28,7.642857142857143,0.1712,0.0112,1250.0,1264.0
2026-07-31,weekday_median_8w,BKK_Sukhumvit,Pineapple,28,11.0,0.12198019801980198,0.041584158415841586,2525.0,2630.0
2026-07-31,weekday_median_8w,BKK_Sukhumvit,Watermelon,28,15.178571428571429,0.10987590486039296,-0.00982419855222337,3868.0,3830.0
2026-07-31,weekday_median_8w,Pattaya_Beach,Guava,28,9.821428571428571,0.14978213507625274,-0.058823529411764705,1836.0,1728.0
2026-07-31,weekday_median_8w,Pattaya_Beach,PassionFruit,28,7.285714285714286,0.1411764705882353,-0.01453287197231834,1445.0,1424.0
2026-07-31,weekday_median_8w,Pattaya_Beach,Pineapple,28,14.178571428571429,0.14947289156626506,0.07153614457831325,2656.0,2846.0
2026-07-31,weekday_median_8w,Pattaya_Beach,Watermelon,28,17.607142857142858,0.11214740673339399,-0.03139217470427662,4396.0,4258.0
2026-07-31,weekday_median_8w,Pattaya_Central,Guava,28,12.714285714285714,0.16968541468064824,-0.002859866539561487,2098.0,2092.0
2026-07-31,weekday_median_8w,Pattaya_Central,PassionFruit,28,9.535714285714286,0.156140350877193,-0.056140350877192984,1710.0,1614.0
2026-07-31,weekday_median_8w,Pattaya_Central,Pineapple,28,11.571428571428571,0.09914320685434516,-0.004895960832313341,3268.0,3252.0
2026-07-31,weekday_median_8w,Pattaya_Central,Watermelon,28,15.642857142857142,0.08678422825440855,0.01842678819100456,5047.0,5140.0
2026-07-31,weekday_median_8w,BKK_Ladprao,MixedBerryPremium,28,3.357142857142857,0.28313253012048195,0.07228915662650602,332.0,356.0
2026-07-31,weekday_median_8w,BKK_Sukhumvit,MixedBerryPremium,28,6.214285714285714,0.30851063829787234,0.14893617021276595,564.0,648.0
2026-07-31,weekday_median_8w,Pattaya_Beach,MixedBerryPremium,28,5.964285714285714,0.24522760646108663,0.08370044052863436,681.0,738.0
2026-07-31,weekday_median_8w,Pattaya_Central,MixedBerryPremium,28,8.214285714285714,0.31900138696255204,0.2260748959778086,721.0,884.0
