scenario,month,forecast_units,revenue_thb,sold_fruit_cost_thb,sold_packaging_cost_thb,sold_labor_cost_thb,commission_thb,product_margin_thb,contribution_before_waste_thb,expected_waste_units,waste_cost_thb,contribution_after_waste_thb,prep_target_cups,fixed_overhead_thb,modeled_operating_result_thb,contribution_after_waste_margin_pct,operating_margin_pct,scenario_display
base,2026-09-01,41813.98133263684,2108156.4756219233,578091.7131382084,255535.45345373126,222484.7699046393,572434.7845260651,1052044.5391253443,479609.7545992792,2525.7945783134123,73222.74008608681,406387.0145131924,44339.77591095025,670000.0,-263612.9854868076,0.1927689045915365,-0.12504431646092096,Base case
base,2026-10-01,43207.780710391395,2178428.358142654,597361.436909482,264053.301902189,229900.9289014606,591515.9440102673,1087112.6904295224,495596.74641925516,2609.9877309238595,75663.49808895636,419933.2483302988,45817.76844131525,670000.0,-250066.7516697012,0.19276890459153653,-0.11479227707213202,Base case
base,2026-11-01,41813.98133263684,2108156.4756219233,578091.7131382084,255535.45345373126,222484.7699046393,572434.7845260651,1052044.5391253443,479609.7545992792,2525.7945783134123,73222.74008608681,406387.0145131924,44339.77591095025,670000.0,-263612.9854868076,0.1927689045915365,-0.12504431646092096,Base case
downside,2026-09-01,31689.20907148619,1597690.752763766,457709.0166358323,193660.49707760912,168612.65452440022,433826.3180999439,777708.5845259245,343882.26642598055,2457.2871640071758,75400.4878031707,268481.77862280986,34146.49623549337,670000.0,-401518.22137719014,0.1680436455918497,-0.2513116012486294,Downside case
downside,2026-10-01,32745.51604053573,1650947.111189225,472965.98385702673,200115.84698019607,174233.07634188022,448287.19536994206,803632.204010122,355345.00864017993,2539.1967361407483,77913.83739660973,277431.1712435702,35284.71277667648,670000.0,-392568.8287564298,0.1680436455918497,-0.23778401264087198,Downside case
downside,2026-11-01,31689.20907148619,1597690.752763766,457709.0166358323,193660.49707760912,168612.65452440022,433826.3180999439,777708.5845259245,343882.26642598055,2457.2871640071758,75400.4878031707,268481.77862280986,34146.49623549337,670000.0,-401518.22137719014,0.1680436455918497,-0.2513116012486294,Downside case
price_and_waste_action,2026-09-01,41813.98133263684,2161749.581616706,578091.7131382084,255535.45345373126,222484.7699046393,586991.92869833,1105637.6451201274,518645.71642179735,1847.4932687098844,52928.33110140602,465717.38532039133,43661.47460134672,670000.0,-204282.61467960867,0.21543539977100196,-0.09449874139761923,Optimized case
price_and_waste_action,2026-10-01,43207.780710391395,2233807.90100393,597361.436909482,264053.301902189,229900.9289014606,606558.3263216077,1142492.2332907983,535933.9069691906,1909.0763776668805,54692.608804786214,481241.29816440435,45116.85708805828,670000.0,-188758.70183559565,0.21543539977100196,-0.08450086587605081,Optimized case
price_and_waste_action,2026-11-01,41813.98133263684,2161749.581616706,578091.7131382084,255535.45345373126,222484.7699046393,586991.92869833,1105637.6451201274,518645.71642179735,1847.4932687098844,52928.33110140602,465717.38532039133,43661.47460134672,670000.0,-204282.61467960867,0.21543539977100196,-0.09449874139761923,Optimized case
