week_start,kitchen,sku,units_sold,units_wasted,waste_cost_thb,waste_rate,series_active
2025-09-01,BKK_Ladprao,Guava,234,18.0,281.7,0.07142857142857142,True
2025-09-01,BKK_Ladprao,PassionFruit,162,22.0,549.56,0.11956521739130435,True
2025-09-01,BKK_Ladprao,Pineapple,399,28.0,444.64,0.06557377049180328,True
2025-09-01,BKK_Ladprao,Watermelon,561,33.0,469.26,0.05555555555555555,True
2025-09-01,BKK_Sukhumvit,Guava,374,14.0,219.10000000000002,0.03608247422680412,True
2025-09-01,BKK_Sukhumvit,PassionFruit,295,28.0,699.44,0.08668730650154799,True
2025-09-01,BKK_Sukhumvit,Pineapple,620,25.0,397.0,0.03875968992248062,True
2025-09-01,BKK_Sukhumvit,Watermelon,903,31.0,440.82,0.033190578158458245,True
2025-09-01,Pattaya_Beach,Guava,446,23.0,359.95,0.04904051172707889,True
2025-09-01,Pattaya_Beach,PassionFruit,334,19.0,474.62,0.053824362606232294,True
2025-09-01,Pattaya_Beach,Pineapple,714,34.0,539.9200000000001,0.045454545454545456,True
2025-09-01,Pattaya_Beach,Watermelon,980,28.0,398.15999999999997,0.027777777777777776,True
2025-09-01,Pattaya_Central,Guava,521,26.0,406.90000000000003,0.04753199268738574,True
2025-09-01,Pattaya_Central,PassionFruit,392,34.0,849.32,0.07981220657276995,True
2025-09-01,Pattaya_Central,Pineapple,832,41.0,651.08,0.046964490263459335,True
2025-09-01,Pattaya_Central,Watermelon,1141,28.0,398.15999999999997,0.023952095808383235,True
2025-09-08,BKK_Ladprao,Guava,246,25.0,386.75,0.09225092250922509,True
2025-09-08,BKK_Ladprao,PassionFruit,234,44.0,1109.6799999999998,0.15827338129496402,True
2025-09-08,BKK_Ladprao,Pineapple,435,31.0,525.45,0.06652360515021459,True
2025-09-08,BKK_Ladprao,Watermelon,633,36.0,492.48,0.053811659192825115,True
2025-09-08,BKK_Sukhumvit,Guava,432,19.0,293.93,0.04212860310421286,True
2025-09-08,BKK_Sukhumvit,PassionFruit,351,31.0,781.8199999999999,0.08115183246073299,True
2025-09-08,BKK_Sukhumvit,Pineapple,675,28.0,474.6,0.03982930298719772,True
2025-09-08,BKK_Sukhumvit,Watermelon,1014,30.0,410.4,0.028735632183908046,True
2025-09-08,Pattaya_Beach,Guava,439,21.0,324.87,0.04565217391304348,True
2025-09-08,Pattaya_Beach,PassionFruit,384,32.0,807.04,0.07692307692307693,True
2025-09-08,Pattaya_Beach,Pineapple,766,30.0,508.5,0.03768844221105527,True
2025-09-08,Pattaya_Beach,Watermelon,1177,34.0,465.12,0.028075970272502065,True
2025-09-08,Pattaya_Central,Guava,526,26.0,402.21999999999997,0.04710144927536232,True
2025-09-08,Pattaya_Central,PassionFruit,453,42.0,1059.24,0.08484848484848485,True
2025-09-08,Pattaya_Central,Pineapple,881,42.0,711.9000000000001,0.04550379198266522,True
2025-09-08,Pattaya_Central,Watermelon,1404,43.0,588.24,0.029716655148583276,True
2025-09-15,BKK_Ladprao,Guava,237,19.0,280.63,0.07421875,True
2025-09-15,BKK_Ladprao,PassionFruit,161,24.0,614.4,0.12972972972972974,True
2025-09-15,BKK_Ladprao,Pineapple,380,24.0,381.6,0.0594059405940594,True
2025-09-15,BKK_Ladprao,Watermelon,565,26.0,356.2,0.043993231810490696,True
2025-09-15,BKK_Sukhumvit,Guava,399,18.0,265.86,0.04316546762589928,True
2025-09-15,BKK_Sukhumvit,PassionFruit,333,31.0,793.6,0.08516483516483517,True
2025-09-15,BKK_Sukhumvit,Pineapple,637,29.0,461.1,0.04354354354354354,True
2025-09-15,BKK_Sukhumvit,Watermelon,932,30.0,411.0,0.031185031185031187,True
2025-09-15,Pattaya_Beach,Guava,465,19.0,280.63,0.03925619834710744,True
2025-09-15,Pattaya_Beach,PassionFruit,313,26.0,665.6,0.07669616519174041,True
2025-09-15,Pattaya_Beach,Pineapple,707,26.0,413.4,0.03547066848567531,True
2025-09-15,Pattaya_Beach,Watermelon,1118,29.0,397.3,0.025283347863993024,True
2025-09-15,Pattaya_Central,Guava,497,23.0,339.71,0.04423076923076923,True
2025-09-15,Pattaya_Central,PassionFruit,414,38.0,972.8000000000001,0.084070796460177,True
2025-09-15,Pattaya_Central,Pineapple,778,36.0,572.4000000000001,0.044226044226044224,True
2025-09-15,Pattaya_Central,Watermelon,1279,30.0,411.0,0.02291825821237586,True
2025-09-22,BKK_Ladprao,Guava,243,18.0,268.2,0.06896551724137931,True
2025-09-22,BKK_Ladprao,PassionFruit,167,27.0,640.17,0.13917525773195877,True
2025-09-22,BKK_Ladprao,Pineapple,362,29.0,482.85,0.0741687979539642,True
2025-09-22,BKK_Ladprao,Watermelon,553,30.0,423.59999999999997,0.051457975986277875,True
2025-09-22,BKK_Sukhumvit,Guava,405,19.0,283.1,0.04481132075471698,True
2025-09-22,BKK_Sukhumvit,PassionFruit,313,36.0,853.56,0.10315186246418338,True
2025-09-22,BKK_Sukhumvit,Pineapple,607,22.0,366.3,0.034976152623211444,True
2025-09-22,BKK_Sukhumvit,Watermelon,962,35.0,494.2,0.03510531594784353,True
2025-09-22,Pattaya_Beach,Guava,413,20.0,298.0,0.046189376443418015,True
2025-09-22,Pattaya_Beach,PassionFruit,324,26.0,616.46,0.07428571428571429,True
2025-09-22,Pattaya_Beach,Pineapple,664,20.0,333.0,0.029239766081871343,True
2025-09-22,Pattaya_Beach,Watermelon,1026,25.0,353.0,0.023786869647954328,True
2025-09-22,Pattaya_Central,Guava,505,31.0,461.9,0.05783582089552239,True
2025-09-22,Pattaya_Central,PassionFruit,428,43.0,1019.53,0.09129511677282377,True
2025-09-22,Pattaya_Central,Pineapple,760,30.0,499.5,0.0379746835443038,True
2025-09-22,Pattaya_Central,Watermelon,1229,28.0,395.35999999999996,0.022275258552108195,True
2025-09-29,BKK_Ladprao,Guava,227,18.0,280.62,0.07346938775510205,True
2025-09-29,BKK_Ladprao,PassionFruit,163,26.0,645.06,0.13756613756613756,True
2025-09-29,BKK_Ladprao,Pineapple,403,28.0,423.64,0.06496519721577726,True
2025-09-29,BKK_Ladprao,Watermelon,556,36.0,505.44,0.060810810810810814,True
2025-09-29,BKK_Sukhumvit,Guava,384,21.0,327.39,0.05185185185185185,True
2025-09-29,BKK_Sukhumvit,PassionFruit,302,29.0,719.49,0.08761329305135952,True
2025-09-29,BKK_Sukhumvit,Pineapple,649,29.0,438.77000000000004,0.04277286135693215,True
2025-09-29,BKK_Sukhumvit,Watermelon,951,31.0,435.24,0.031568228105906315,True
2025-09-29,Pattaya_Beach,Guava,452,25.0,389.75,0.05241090146750524,True
2025-09-29,Pattaya_Beach,PassionFruit,349,23.0,570.63,0.06182795698924731,True
2025-09-29,Pattaya_Beach,Pineapple,710,26.0,393.38,0.035326086956521736,True
2025-09-29,Pattaya_Beach,Watermelon,986,38.0,533.52,0.037109375,True
2025-09-29,Pattaya_Central,Guava,478,19.0,296.21000000000004,0.03822937625754527,True
2025-09-29,Pattaya_Central,PassionFruit,395,35.0,868.35,0.08139534883720931,True
2025-09-29,Pattaya_Central,Pineapple,819,37.0,559.8100000000001,0.04322429906542056,True
2025-09-29,Pattaya_Central,Watermelon,1201,37.0,519.48,0.02988691437802908,True
2025-10-06,BKK_Ladprao,Guava,277,26.0,412.1,0.0858085808580858,True
2025-10-06,BKK_Ladprao,PassionFruit,188,31.0,790.8100000000001,0.1415525114155251,True
2025-10-06,BKK_Ladprao,Pineapple,461,26.0,408.46000000000004,0.053388090349075976,True
2025-10-06,BKK_Ladprao,Watermelon,597,29.0,412.09000000000003,0.0463258785942492,True
2025-10-06,BKK_Sukhumvit,Guava,444,19.0,301.15,0.04103671706263499,True
2025-10-06,BKK_Sukhumvit,PassionFruit,328,34.0,867.34,0.09392265193370165,True
2025-10-06,BKK_Sukhumvit,Pineapple,653,24.0,377.04,0.03545051698670606,True
2025-10-06,BKK_Sukhumvit,Watermelon,1018,29.0,412.09000000000003,0.027698185291308502,True
2025-10-06,Pattaya_Beach,Guava,481,23.0,364.55,0.04563492063492063,True
2025-10-06,Pattaya_Beach,PassionFruit,371,35.0,892.85,0.08620689655172414,True
2025-10-06,Pattaya_Beach,Pineapple,730,26.0,408.46000000000004,0.03439153439153439,True
2025-10-06,Pattaya_Beach,Watermelon,1120,34.0,483.14,0.029462738301559793,True
2025-10-06,Pattaya_Central,Guava,564,29.0,459.65,0.048903878583473864,True
2025-10-06,Pattaya_Central,PassionFruit,435,38.0,969.38,0.080338266384778,True
2025-10-06,Pattaya_Central,Pineapple,899,32.0,502.72,0.034371643394199784,True
2025-10-06,Pattaya_Central,Watermelon,1295,38.0,539.98,0.028507126781695424,True
2025-10-13,BKK_Ladprao,Guava,268,21.0,313.74,0.0726643598615917,True
2025-10-13,BKK_Ladprao,PassionFruit,186,25.0,580.5,0.11848341232227488,True
2025-10-13,BKK_Ladprao,Pineapple,362,26.0,400.14,0.06701030927835051,True
2025-10-13,BKK_Ladprao,Watermelon,576,29.0,412.38,0.047933884297520664,True
2025-10-13,BKK_Sukhumvit,Guava,415,22.0,328.68,0.05034324942791762,True
2025-10-13,BKK_Sukhumvit,PassionFruit,275,14.0,325.08,0.04844290657439446,True
2025-10-13,BKK_Sukhumvit,Pineapple,657,22.0,338.58000000000004,0.03240058910162003,True
2025-10-13,BKK_Sukhumvit,Watermelon,1008,35.0,497.69999999999993,0.03355704697986577,True
2025-10-13,Pattaya_Beach,Guava,485,24.0,358.56,0.047151277013752456,True
2025-10-13,Pattaya_Beach,PassionFruit,372,29.0,673.38,0.07231920199501247,True
2025-10-13,Pattaya_Beach,Pineapple,676,31.0,477.09000000000003,0.04384724186704385,True
2025-10-13,Pattaya_Beach,Watermelon,1067,35.0,497.7,0.03176043557168784,True
2025-10-13,Pattaya_Central,Guava,575,36.0,537.84,0.058919803600654665,True
2025-10-13,Pattaya_Central,PassionFruit,386,39.0,905.5799999999999,0.09176470588235294,True
2025-10-13,Pattaya_Central,Pineapple,890,40.0,615.6,0.043010752688172046,True
2025-10-13,Pattaya_Central,Watermelon,1205,45.0,639.9,0.036,True
2025-10-20,BKK_Ladprao,Guava,239,19.0,293.36,0.07364341085271318,True
2025-10-20,BKK_Ladprao,PassionFruit,178,21.0,539.91,0.10552763819095477,True
2025-10-20,BKK_Ladprao,Pineapple,370,26.0,425.62,0.06565656565656566,True
2025-10-20,BKK_Ladprao,Watermelon,531,27.0,370.43999999999994,0.04838709677419355,True
2025-10-20,BKK_Sukhumvit,Guava,385,25.0,386.0,0.06097560975609756,True
2025-10-20,BKK_Sukhumvit,PassionFruit,315,32.0,822.72,0.09221902017291066,True
2025-10-20,BKK_Sukhumvit,Pineapple,625,27.0,441.99,0.04141104294478527,True
2025-10-20,BKK_Sukhumvit,Watermelon,911,29.0,397.88,0.030851063829787233,True
2025-10-20,Pattaya_Beach,Guava,467,17.0,262.48,0.03512396694214876,True
2025-10-20,Pattaya_Beach,PassionFruit,306,34.0,874.1400000000001,0.1,True
2025-10-20,Pattaya_Beach,Pineapple,688,29.0,474.73,0.040446304044630406,True
2025-10-20,Pattaya_Beach,Watermelon,986,33.0,452.76,0.0323846908734053,True
2025-10-20,Pattaya_Central,Guava,485,29.0,447.76,0.05642023346303502,True
2025-10-20,Pattaya_Central,PassionFruit,430,35.0,899.85,0.07526881720430108,True
2025-10-20,Pattaya_Central,Pineapple,844,37.0,605.69,0.04199772985244041,True
2025-10-20,Pattaya_Central,Watermelon,1170,31.0,425.32,0.025811823480432972,True
2025-10-27,BKK_Ladprao,Guava,205,16.0,239.2,0.07239819004524888,True
2025-10-27,BKK_Ladprao,PassionFruit,207,30.0,708.3,0.12658227848101267,True
2025-10-27,BKK_Ladprao,Pineapple,365,29.0,456.46000000000004,0.07360406091370558,True
2025-10-27,BKK_Ladprao,Watermelon,547,21.0,291.06,0.03697183098591549,True
2025-10-27,BKK_Sukhumvit,Guava,391,23.0,343.85,0.05555555555555555,True
2025-10-27,BKK_Sukhumvit,PassionFruit,342,28.0,661.0799999999999,0.07567567567567568,True
2025-10-27,BKK_Sukhumvit,Pineapple,631,25.0,393.5,0.038109756097560975,True
2025-10-27,BKK_Sukhumvit,Watermelon,929,33.0,457.38,0.034303534303534305,True
2025-10-27,Pattaya_Beach,Guava,444,24.0,358.8,0.05128205128205128,True
2025-10-27,Pattaya_Beach,PassionFruit,411,28.0,661.0799999999999,0.06378132118451026,True
2025-10-27,Pattaya_Beach,Pineapple,676,28.0,440.72,0.03977272727272727,True
2025-10-27,Pattaya_Beach,Watermelon,1061,32.0,443.52,0.0292772186642269,True
2025-10-27,Pattaya_Central,Guava,538,31.0,463.45000000000005,0.054481546572934976,True
2025-10-27,Pattaya_Central,PassionFruit,428,36.0,849.96,0.07758620689655173,True
2025-10-27,Pattaya_Central,Pineapple,835,46.0,724.04,0.05221339387060159,True
2025-10-27,Pattaya_Central,Watermelon,1248,41.0,568.26,0.03180760279286268,True
2025-11-03,BKK_Ladprao,Guava,247,24.0,348.24,0.08856088560885608,True
2025-11-03,BKK_Ladprao,PassionFruit,215,29.0,722.39,0.11885245901639344,True
2025-11-03,BKK_Ladprao,Pineapple,414,31.0,494.45,0.0696629213483146,True
2025-11-03,BKK_Ladprao,Watermelon,698,34.0,465.8,0.04644808743169399,True
2025-11-03,BKK_Sukhumvit,Guava,472,30.0,435.29999999999995,0.05976095617529881,True
2025-11-03,BKK_Sukhumvit,PassionFruit,344,31.0,772.21,0.08266666666666667,True
2025-11-03,BKK_Sukhumvit,Pineapple,725,33.0,526.35,0.04353562005277045,True
2025-11-03,BKK_Sukhumvit,Watermelon,1142,37.0,506.90000000000003,0.031382527565733676,True
2025-11-03,Pattaya_Beach,Guava,496,27.0,391.77,0.05162523900573614,True
2025-11-03,Pattaya_Beach,PassionFruit,420,43.0,1071.13,0.09287257019438445,True
2025-11-03,Pattaya_Beach,Pineapple,786,31.0,494.45,0.037943696450428395,True
2025-11-03,Pattaya_Beach,Watermelon,1265,47.0,643.9,0.035823170731707314,True
2025-11-03,Pattaya_Central,Guava,559,28.0,406.28,0.04770017035775128,True
2025-11-03,Pattaya_Central,PassionFruit,490,42.0,1046.22,0.07894736842105263,True
2025-11-03,Pattaya_Central,Pineapple,967,38.0,606.1,0.03781094527363184,True
2025-11-03,Pattaya_Central,Watermelon,1513,48.0,657.6,0.03074951953875721,True
2025-11-10,BKK_Ladprao,Guava,260,24.0,368.64,0.08450704225352113,True
2025-11-10,BKK_Ladprao,PassionFruit,256,37.0,885.78,0.12627986348122866,True
2025-11-10,BKK_Ladprao,Pineapple,431,27.0,450.09000000000003,0.05895196506550218,True
2025-11-10,BKK_Ladprao,Watermelon,664,34.0,474.3,0.04871060171919771,True
2025-11-10,BKK_Sukhumvit,Guava,478,27.0,414.71999999999997,0.053465346534653464,True
2025-11-10,BKK_Sukhumvit,PassionFruit,387,31.0,742.14,0.07416267942583732,True
2025-11-10,BKK_Sukhumvit,Pineapple,807,28.0,466.76,0.033532934131736525,True
2025-11-10,BKK_Sukhumvit,Watermelon,1192,41.0,571.95,0.0332522303325223,True
2025-11-10,Pattaya_Beach,Guava,526,29.0,445.44,0.05225225225225225,True
2025-11-10,Pattaya_Beach,PassionFruit,474,42.0,1005.48,0.08139534883720931,True
2025-11-10,Pattaya_Beach,Pineapple,902,38.0,633.4599999999999,0.04042553191489362,True
2025-11-10,Pattaya_Beach,Watermelon,1324,32.0,446.4,0.02359882005899705,True
2025-11-10,Pattaya_Central,Guava,605,29.0,445.44,0.04574132492113565,True
2025-11-10,Pattaya_Central,PassionFruit,525,50.0,1197.0,0.08695652173913043,True
2025-11-10,Pattaya_Central,Pineapple,1060,48.0,800.16,0.04332129963898917,True
2025-11-10,Pattaya_Central,Watermelon,1568,53.0,739.3499999999999,0.03269586674892042,True
2025-11-17,BKK_Ladprao,Guava,284,25.0,370.0,0.08090614886731391,True
2025-11-17,BKK_Ladprao,PassionFruit,191,27.0,644.76,0.12385321100917432,True
2025-11-17,BKK_Ladprao,Pineapple,422,29.0,481.69,0.06430155210643015,True
2025-11-17,BKK_Ladprao,Watermelon,632,27.0,385.29,0.0409711684370258,True
2025-11-17,BKK_Sukhumvit,Guava,433,25.0,370.0,0.05458515283842795,True
2025-11-17,BKK_Sukhumvit,PassionFruit,338,29.0,692.52,0.07901907356948229,True
2025-11-17,BKK_Sukhumvit,Pineapple,699,29.0,481.69,0.03983516483516483,True
2025-11-17,BKK_Sukhumvit,Watermelon,1070,34.0,485.17999999999995,0.030797101449275364,True
2025-11-17,Pattaya_Beach,Guava,473,28.0,414.40000000000003,0.05588822355289421,True
2025-11-17,Pattaya_Beach,PassionFruit,400,33.0,788.04,0.07621247113163972,True
2025-11-17,Pattaya_Beach,Pineapple,794,40.0,664.4,0.047961630695443645,True
2025-11-17,Pattaya_Beach,Watermelon,1142,41.0,585.0699999999999,0.034657650042265425,True
2025-11-17,Pattaya_Central,Guava,586,31.0,458.79999999999995,0.050243111831442464,True
2025-11-17,Pattaya_Central,PassionFruit,491,39.0,931.3199999999999,0.07358490566037736,True
2025-11-17,Pattaya_Central,Pineapple,921,43.0,714.23,0.044605809128630707,True
2025-11-17,Pattaya_Central,Watermelon,1388,44.0,627.88,0.030726256983240222,True
2025-11-24,BKK_Ladprao,Guava,263,19.0,274.74,0.0673758865248227,True
2025-11-24,BKK_Ladprao,PassionFruit,224,32.0,739.84,0.125,True
2025-11-24,BKK_Ladprao,Pineapple,389,28.0,427.84000000000003,0.0671462829736211,True
2025-11-24,BKK_Ladprao,Watermelon,617,26.0,367.9,0.04043545878693624,True
2025-11-24,BKK_Sukhumvit,Guava,403,19.0,274.74,0.045023696682464455,True
2025-11-24,BKK_Sukhumvit,PassionFruit,376,38.0,878.5600000000001,0.09178743961352658,True
2025-11-24,BKK_Sukhumvit,Pineapple,719,30.0,458.4,0.04005340453938585,True
2025-11-24,BKK_Sukhumvit,Watermelon,1115,43.0,608.45,0.037132987910189985,True
2025-11-24,Pattaya_Beach,Guava,499,26.0,375.96,0.049523809523809526,True
2025-11-24,Pattaya_Beach,PassionFruit,414,36.0,832.32,0.08,True
2025-11-24,Pattaya_Beach,Pineapple,784,29.0,443.12,0.03567035670356704,True
2025-11-24,Pattaya_Beach,Watermelon,1171,45.0,636.75,0.03700657894736842,True
2025-11-24,Pattaya_Central,Guava,558,27.0,390.42,0.046153846153846156,True
2025-11-24,Pattaya_Central,PassionFruit,503,46.0,1063.52,0.08378870673952642,True
2025-11-24,Pattaya_Central,Pineapple,911,44.0,672.32,0.04607329842931937,True
2025-11-24,Pattaya_Central,Watermelon,1385,41.0,580.15,0.028751753155680224,True
2025-12-01,BKK_Ladprao,Guava,264,21.0,322.77,0.07368421052631578,True
2025-12-01,BKK_Ladprao,PassionFruit,217,36.0,907.5600000000001,0.1422924901185771,True
2025-12-01,BKK_Ladprao,Pineapple,456,30.0,489.9,0.06172839506172839,True
2025-12-01,BKK_Ladprao,Watermelon,691,35.0,498.05,0.048209366391184574,True
2025-12-01,BKK_Sukhumvit,Guava,457,20.0,307.4,0.041928721174004195,True
2025-12-01,BKK_Sukhumvit,PassionFruit,396,25.0,630.25,0.05938242280285035,True
2025-12-01,BKK_Sukhumvit,Pineapple,748,36.0,587.88,0.04591836734693878,True
2025-12-01,BKK_Sukhumvit,Watermelon,1110,34.0,483.82,0.02972027972027972,True
2025-12-01,Pattaya_Beach,Guava,483,24.0,368.88,0.047337278106508875,True
2025-12-01,Pattaya_Beach,PassionFruit,397,36.0,907.56,0.08314087759815242,True
2025-12-01,Pattaya_Beach,Pineapple,820,41.0,669.53,0.047619047619047616,True
2025-12-01,Pattaya_Beach,Watermelon,1270,47.0,668.81,0.03568716780561883,True
2025-12-01,Pattaya_Central,Guava,637,40.0,614.8,0.059084194977843424,True
2025-12-01,Pattaya_Central,PassionFruit,523,52.0,1310.92,0.09043478260869565,True
2025-12-01,Pattaya_Central,Pineapple,977,41.0,669.53,0.04027504911591356,True
2025-12-01,Pattaya_Central,Watermelon,1479,45.0,640.35,0.02952755905511811,True
2025-12-08,BKK_Ladprao,Guava,314,29.0,416.15,0.08454810495626822,True
2025-12-08,BKK_Ladprao,PassionFruit,262,33.0,772.53,0.11186440677966102,True
2025-12-08,BKK_Ladprao,Pineapple,489,27.0,435.78000000000003,0.05232558139534884,True
2025-12-08,BKK_Ladprao,Watermelon,727,44.0,614.6800000000001,0.057068741893644616,True
2025-12-08,BKK_Sukhumvit,Guava,537,31.0,444.84999999999997,0.05457746478873239,True
2025-12-08,BKK_Sukhumvit,PassionFruit,454,28.0,655.48,0.058091286307053944,True
2025-12-08,BKK_Sukhumvit,Pineapple,831,36.0,581.04,0.04152249134948097,True
2025-12-08,BKK_Sukhumvit,Watermelon,1246,44.0,614.68,0.034108527131782945,True
2025-12-08,Pattaya_Beach,Guava,591,33.0,473.55,0.052884615384615384,True
2025-12-08,Pattaya_Beach,PassionFruit,467,35.0,819.35,0.0697211155378486,True
2025-12-08,Pattaya_Beach,Pineapple,927,39.0,629.46,0.040372670807453416,True
2025-12-08,Pattaya_Beach,Watermelon,1406,41.0,572.77,0.028334485141672427,True
2025-12-08,Pattaya_Central,Guava,701,27.0,387.45,0.03708791208791209,True
2025-12-08,Pattaya_Central,PassionFruit,534,44.0,1030.04,0.07612456747404844,True
2025-12-08,Pattaya_Central,Pineapple,1107,45.0,726.3,0.0390625,True
2025-12-08,Pattaya_Central,Watermelon,1621,58.0,810.26,0.034544371649791544,True
2025-12-15,BKK_Ladprao,Guava,278,21.0,317.52,0.07023411371237458,True
2025-12-15,BKK_Ladprao,PassionFruit,236,30.0,755.1,0.11278195488721804,True
2025-12-15,BKK_Ladprao,Pineapple,467,29.0,462.26,0.05846774193548387,True
2025-12-15,BKK_Ladprao,Watermelon,661,42.0,593.46,0.059743954480796585,True
2025-12-15,BKK_Sukhumvit,Guava,468,28.0,423.36,0.056451612903225805,True
2025-12-15,BKK_Sukhumvit,PassionFruit,398,35.0,880.95,0.08083140877598152,True
2025-12-15,BKK_Sukhumvit,Pineapple,725,29.0,462.26,0.038461538461538464,True
2025-12-15,BKK_Sukhumvit,Watermelon,1146,45.0,635.85,0.037783375314861464,True
2025-12-15,Pattaya_Beach,Guava,529,28.0,423.36,0.05026929982046679,True
2025-12-15,Pattaya_Beach,PassionFruit,397,43.0,1082.31,0.09772727272727273,True
2025-12-15,Pattaya_Beach,Pineapple,819,33.0,526.02,0.03873239436619718,True
2025-12-15,Pattaya_Beach,Watermelon,1253,41.0,579.33,0.03168469860896445,True
2025-12-15,Pattaya_Central,Guava,633,38.0,574.56,0.05663189269746647,True
2025-12-15,Pattaya_Central,PassionFruit,488,54.0,1359.18,0.0996309963099631,True
2025-12-15,Pattaya_Central,Pineapple,1034,46.0,733.24,0.04259259259259259,True
2025-12-15,Pattaya_Central,Watermelon,1553,45.0,635.85,0.028160200250312892,True
2025-12-22,BKK_Ladprao,Guava,281,27.0,407.96999999999997,0.08766233766233766,True
2025-12-22,BKK_Ladprao,PassionFruit,263,29.0,693.6800000000001,0.09931506849315068,True
2025-12-22,BKK_Ladprao,Pineapple,420,28.0,451.08,0.0625,True
2025-12-22,BKK_Ladprao,Watermelon,653,30.0,423.29999999999995,0.043923865300146414,True
2025-12-22,BKK_Sukhumvit,Guava,504,27.0,407.96999999999997,0.05084745762711865,True
2025-12-22,BKK_Sukhumvit,PassionFruit,371,29.0,693.6800000000001,0.0725,True
2025-12-22,BKK_Sukhumvit,Pineapple,744,35.0,563.85,0.044929396662387676,True
2025-12-22,BKK_Sukhumvit,Watermelon,1113,35.0,493.84999999999997,0.03048780487804878,True
2025-12-22,Pattaya_Beach,Guava,569,28.0,423.08,0.04690117252931323,True
2025-12-22,Pattaya_Beach,PassionFruit,395,30.0,717.6,0.07058823529411765,True
2025-12-22,Pattaya_Beach,Pineapple,825,37.0,596.0699999999999,0.042923433874709975,True
2025-12-22,Pattaya_Beach,Watermelon,1271,42.0,592.62,0.03198781416603199,True
2025-12-22,Pattaya_Central,Guava,648,35.0,528.85,0.05124450951683748,True
2025-12-22,Pattaya_Central,PassionFruit,485,40.0,956.8000000000001,0.0761904761904762,True
2025-12-22,Pattaya_Central,Pineapple,968,45.0,724.95,0.044422507403751234,True
2025-12-22,Pattaya_Central,Watermelon,1446,44.0,620.8399999999999,0.02953020134228188,True
2025-12-29,BKK_Ladprao,Guava,322,28.0,405.72,0.08,True
2025-12-29,BKK_Ladprao,PassionFruit,264,43.0,1040.6,0.14006514657980457,True
2025-12-29,BKK_Ladprao,Pineapple,445,31.0,491.96999999999997,0.06512605042016807,True
2025-12-29,BKK_Ladprao,Watermelon,717,27.0,367.73999999999995,0.036290322580645164,True
2025-12-29,BKK_Sukhumvit,Guava,481,26.0,376.74,0.05128205128205128,True
2025-12-29,BKK_Sukhumvit,PassionFruit,359,31.0,750.2,0.07948717948717948,True
2025-12-29,BKK_Sukhumvit,Pineapple,849,24.0,380.88,0.027491408934707903,True
2025-12-29,BKK_Sukhumvit,Watermelon,1203,43.0,585.66,0.03451043338683788,True
2025-12-29,Pattaya_Beach,Guava,592,30.0,434.7,0.04823151125401929,True
2025-12-29,Pattaya_Beach,PassionFruit,447,38.0,919.6,0.07835051546391752,True
2025-12-29,Pattaya_Beach,Pineapple,908,37.0,587.19,0.039153439153439155,True
2025-12-29,Pattaya_Beach,Watermelon,1397,41.0,558.42,0.02851182197496523,True
2025-12-29,Pattaya_Central,Guava,683,32.0,463.68,0.044755244755244755,True
2025-12-29,Pattaya_Central,PassionFruit,559,59.0,1427.8,0.09546925566343042,True
2025-12-29,Pattaya_Central,Pineapple,1130,52.0,825.24,0.043993231810490696,True
2025-12-29,Pattaya_Central,Watermelon,1699,56.0,762.7199999999999,0.03190883190883191,True
2026-01-05,BKK_Ladprao,Guava,298,24.0,340.8,0.07453416149068323,True
2026-01-05,BKK_Ladprao,PassionFruit,202,29.0,691.94,0.12554112554112554,True
2026-01-05,BKK_Ladprao,Pineapple,426,34.0,525.98,0.07391304347826087,True
2026-01-05,BKK_Ladprao,Watermelon,660,31.0,442.68000000000006,0.04486251808972504,True
2026-01-05,BKK_Sukhumvit,Guava,486,18.0,255.6,0.03571428571428571,True
2026-01-05,BKK_Sukhumvit,PassionFruit,366,31.0,739.66,0.07808564231738035,True
2026-01-05,BKK_Sukhumvit,Pineapple,733,25.0,386.75,0.032981530343007916,True
2026-01-05,BKK_Sukhumvit,Watermelon,1152,33.0,471.24,0.027848101265822784,True
2026-01-05,Pattaya_Beach,Guava,515,39.0,553.8,0.0703971119133574,True
2026-01-05,Pattaya_Beach,PassionFruit,430,44.0,1049.84,0.09282700421940929,True
2026-01-05,Pattaya_Beach,Pineapple,886,40.0,618.8,0.04319654427645788,True
2026-01-05,Pattaya_Beach,Watermelon,1247,38.0,542.64,0.029571984435797664,True
2026-01-05,Pattaya_Central,Guava,669,35.0,497.0,0.04971590909090909,True
2026-01-05,Pattaya_Central,PassionFruit,509,53.0,1264.58,0.09430604982206406,True
2026-01-05,Pattaya_Central,Pineapple,980,43.0,665.21,0.042033235581622676,True
2026-01-05,Pattaya_Central,Watermelon,1478,39.0,556.9200000000001,0.025708635464733027,True
2026-01-12,BKK_Ladprao,Guava,325,29.0,437.9,0.08192090395480225,True
2026-01-12,BKK_Ladprao,PassionFruit,249,29.0,731.38,0.10431654676258993,True
2026-01-12,BKK_Ladprao,Pineapple,466,28.0,456.96000000000004,0.05668016194331984,True
2026-01-12,BKK_Ladprao,Watermelon,718,32.0,442.56000000000006,0.042666666666666665,True
2026-01-12,BKK_Sukhumvit,Guava,483,35.0,528.5,0.06756756756756757,True
2026-01-12,BKK_Sukhumvit,PassionFruit,393,32.0,807.04,0.07529411764705882,True
2026-01-12,BKK_Sukhumvit,Pineapple,738,33.0,538.56,0.042801556420233464,True
2026-01-12,BKK_Sukhumvit,Watermelon,1105,28.0,387.24,0.02471315092674316,True
2026-01-12,Pattaya_Beach,Guava,575,35.0,528.5,0.05737704918032787,True
2026-01-12,Pattaya_Beach,PassionFruit,452,45.0,1134.9,0.09054325955734406,True
2026-01-12,Pattaya_Beach,Pineapple,847,40.0,652.8,0.04509582863585118,True
2026-01-12,Pattaya_Beach,Watermelon,1244,40.0,553.2,0.03115264797507788,True
2026-01-12,Pattaya_Central,Guava,661,29.0,437.9,0.042028985507246375,True
2026-01-12,Pattaya_Central,PassionFruit,526,43.0,1084.46,0.07557117750439367,True
2026-01-12,Pattaya_Central,Pineapple,993,42.0,685.44,0.04057971014492753,True
2026-01-12,Pattaya_Central,Watermelon,1433,47.0,650.01,0.03175675675675676,True
2026-01-19,BKK_Ladprao,Guava,299,24.0,373.68,0.07430340557275542,True
2026-01-19,BKK_Ladprao,PassionFruit,260,39.0,918.45,0.13043478260869565,True
2026-01-19,BKK_Ladprao,Pineapple,434,35.0,553.35,0.07462686567164178,True
2026-01-19,BKK_Ladprao,Watermelon,659,31.0,438.03000000000003,0.04492753623188406,True
2026-01-19,BKK_Sukhumvit,Guava,497,30.0,467.1,0.056925996204933584,True
2026-01-19,BKK_Sukhumvit,PassionFruit,391,32.0,753.6,0.07565011820330969,True
2026-01-19,BKK_Sukhumvit,Pineapple,720,34.0,537.54,0.04509283819628647,True
2026-01-19,BKK_Sukhumvit,Watermelon,1087,35.0,494.55,0.031194295900178252,True
2026-01-19,Pattaya_Beach,Guava,484,27.0,420.39,0.05283757338551859,True
2026-01-19,Pattaya_Beach,PassionFruit,447,39.0,918.45,0.08024691358024691,True
2026-01-19,Pattaya_Beach,Pineapple,810,33.0,521.73,0.03914590747330961,True
2026-01-19,Pattaya_Beach,Watermelon,1266,31.0,438.03000000000003,0.023901310717039322,True
2026-01-19,Pattaya_Central,Guava,660,36.0,560.52,0.05172413793103448,True
2026-01-19,Pattaya_Central,PassionFruit,497,48.0,1130.4,0.08807339449541285,True
2026-01-19,Pattaya_Central,Pineapple,1028,46.0,727.26,0.04283054003724395,True
2026-01-19,Pattaya_Central,Watermelon,1427,42.0,593.46,0.02859087814840027,True
2026-01-26,BKK_Ladprao,Guava,287,19.0,292.6,0.06209150326797386,True
2026-01-26,BKK_Ladprao,PassionFruit,234,31.0,754.85,0.1169811320754717,True
2026-01-26,BKK_Ladprao,Pineapple,458,34.0,516.12,0.06910569105691057,True
2026-01-26,BKK_Ladprao,Watermelon,676,30.0,408.59999999999997,0.042492917847025496,True
2026-01-26,BKK_Sukhumvit,Guava,482,33.0,508.20000000000005,0.06407766990291262,True
2026-01-26,BKK_Sukhumvit,PassionFruit,360,23.0,560.05,0.06005221932114883,True
2026-01-26,BKK_Sukhumvit,Pineapple,758,36.0,546.48,0.04534005037783375,True
2026-01-26,BKK_Sukhumvit,Watermelon,1110,33.0,449.46,0.028871391076115485,True
2026-01-26,Pattaya_Beach,Guava,472,28.0,431.20000000000005,0.056,True
2026-01-26,Pattaya_Beach,PassionFruit,444,43.0,1047.05,0.08829568788501027,True
2026-01-26,Pattaya_Beach,Pineapple,906,36.0,546.48,0.03821656050955414,True
2026-01-26,Pattaya_Beach,Watermelon,1314,45.0,612.9,0.033112582781456956,True
2026-01-26,Pattaya_Central,Guava,602,31.0,477.40000000000003,0.04897314375987362,True
2026-01-26,Pattaya_Central,PassionFruit,490,40.0,974.0,0.07547169811320754,True
2026-01-26,Pattaya_Central,Pineapple,984,46.0,698.28,0.04466019417475728,True
2026-01-26,Pattaya_Central,Watermelon,1554,51.0,694.62,0.03177570093457944,True
2026-02-02,BKK_Ladprao,Guava,363,29.0,416.72999999999996,0.07397959183673469,True
2026-02-02,BKK_Ladprao,PassionFruit,226,37.0,924.26,0.14068441064638784,True
2026-02-02,BKK_Ladprao,Pineapple,466,41.0,656.0,0.08086785009861933,True
2026-02-02,BKK_Ladprao,Watermelon,767,33.0,453.09000000000003,0.04125,True
2026-02-02,BKK_Sukhumvit,Guava,563,29.0,416.72999999999996,0.048986486486486486,True
2026-02-02,BKK_Sukhumvit,PassionFruit,428,45.0,1124.1,0.09513742071881606,True
2026-02-02,BKK_Sukhumvit,Pineapple,876,41.0,656.0,0.04471101417666303,True
2026-02-02,BKK_Sukhumvit,Watermelon,1337,32.0,439.36,0.02337472607742878,True
2026-02-02,Pattaya_Beach,Guava,620,32.0,459.84,0.049079754601226995,True
2026-02-02,Pattaya_Beach,PassionFruit,506,44.0,1099.12,0.08,True
2026-02-02,Pattaya_Beach,Pineapple,943,45.0,720.0,0.04554655870445344,True
2026-02-02,Pattaya_Beach,Watermelon,1418,46.0,631.58,0.031420765027322405,True
2026-02-02,Pattaya_Central,Guava,712,38.0,546.06,0.050666666666666665,True
2026-02-02,Pattaya_Central,PassionFruit,606,44.0,1099.1200000000001,0.06769230769230769,True
2026-02-02,Pattaya_Central,Pineapple,1145,50.0,800.0,0.04184100418410042,True
2026-02-02,Pattaya_Central,Watermelon,1756,54.0,741.4200000000001,0.02983425414364641,True
2026-02-09,BKK_Ladprao,Guava,304,23.0,336.72,0.07033639143730887,True
2026-02-09,BKK_Ladprao,PassionFruit,227,30.0,744.0,0.11673151750972763,True
2026-02-09,BKK_Ladprao,Pineapple,476,32.0,504.32,0.06299212598425197,True
2026-02-09,BKK_Ladprao,Watermelon,741,41.0,572.36,0.052429667519181586,True
2026-02-09,BKK_Sukhumvit,Guava,488,26.0,380.64,0.05058365758754864,True
2026-02-09,BKK_Sukhumvit,PassionFruit,375,32.0,793.6,0.07862407862407862,True
2026-02-09,BKK_Sukhumvit,Pineapple,796,28.0,441.28,0.03398058252427184,True
2026-02-09,BKK_Sukhumvit,Watermelon,1264,49.0,684.0400000000001,0.037319116527037316,True
2026-02-09,Pattaya_Beach,Guava,567,32.0,468.48,0.05342237061769616,True
2026-02-09,Pattaya_Beach,PassionFruit,448,41.0,1016.8,0.08384458077709611,True
2026-02-09,Pattaya_Beach,Pineapple,843,39.0,614.64,0.04421768707482993,True
2026-02-09,Pattaya_Beach,Watermelon,1390,54.0,753.84,0.037396121883656507,True
2026-02-09,Pattaya_Central,Guava,634,34.0,497.76,0.05089820359281437,True
2026-02-09,Pattaya_Central,PassionFruit,528,43.0,1066.4,0.07530647985989491,True
2026-02-09,Pattaya_Central,Pineapple,1059,40.0,630.4,0.036396724294813464,True
2026-02-09,Pattaya_Central,Watermelon,1588,56.0,781.76,0.0340632603406326,True
2026-02-16,BKK_Ladprao,Guava,295,30.0,429.3,0.09230769230769231,True
2026-02-16,BKK_Ladprao,PassionFruit,213,29.0,745.3,0.11983471074380166,True
2026-02-16,BKK_Ladprao,Pineapple,473,42.0,637.56,0.08155339805825243,True
2026-02-16,BKK_Ladprao,Watermelon,705,34.0,472.26,0.046008119079837616,True
2026-02-16,BKK_Sukhumvit,Guava,456,28.0,400.68,0.05785123966942149,True
2026-02-16,BKK_Sukhumvit,PassionFruit,412,38.0,976.6,0.08444444444444445,True
2026-02-16,BKK_Sukhumvit,Pineapple,777,34.0,516.12,0.04192355117139334,True
2026-02-16,BKK_Sukhumvit,Watermelon,1201,41.0,569.49,0.033011272141706925,True
2026-02-16,Pattaya_Beach,Guava,553,30.0,429.3,0.051457975986277875,True
2026-02-16,Pattaya_Beach,PassionFruit,419,43.0,1105.1,0.09307359307359307,True
2026-02-16,Pattaya_Beach,Pineapple,938,39.0,592.02,0.03991811668372569,True
2026-02-16,Pattaya_Beach,Watermelon,1389,46.0,638.94,0.03205574912891986,True
2026-02-16,Pattaya_Central,Guava,633,37.0,529.47,0.05522388059701493,True
2026-02-16,Pattaya_Central,PassionFruit,526,54.0,1387.8,0.09310344827586207,True
2026-02-16,Pattaya_Central,Pineapple,1074,46.0,698.28,0.04107142857142857,True
2026-02-16,Pattaya_Central,Watermelon,1598,41.0,569.49,0.025015253203172667,True
2026-02-23,BKK_Ladprao,Guava,296,27.0,393.66,0.08359133126934984,True
2026-02-23,BKK_Ladprao,MixedBerryPremium,49,27.0,1125.63,0.35526315789473684,True
2026-02-23,BKK_Ladprao,PassionFruit,245,29.0,745.88,0.10583941605839416,True
2026-02-23,BKK_Ladprao,Pineapple,482,36.0,590.4,0.0694980694980695,True
2026-02-23,BKK_Ladprao,Watermelon,739,39.0,558.87,0.05012853470437018,True
2026-02-23,BKK_Sukhumvit,Guava,524,21.0,306.18,0.03853211009174312,True
2026-02-23,BKK_Sukhumvit,MixedBerryPremium,62,5.0,208.45,0.07462686567164178,True
2026-02-23,BKK_Sukhumvit,PassionFruit,396,39.0,1003.0799999999999,0.0896551724137931,True
2026-02-23,BKK_Sukhumvit,Pineapple,780,29.0,475.6,0.03584672435105068,True
2026-02-23,BKK_Sukhumvit,Watermelon,1223,39.0,558.87,0.030903328050713153,True
2026-02-23,Pattaya_Beach,Guava,575,31.0,451.98,0.05115511551155116,True
2026-02-23,Pattaya_Beach,MixedBerryPremium,100,28.0,1167.32,0.21875,True
2026-02-23,Pattaya_Beach,PassionFruit,467,44.0,1131.6799999999998,0.08610567514677103,True
2026-02-23,Pattaya_Beach,Pineapple,931,39.0,639.6,0.04020618556701031,True
2026-02-23,Pattaya_Beach,Watermelon,1352,43.0,616.19,0.03082437275985663,True
2026-02-23,Pattaya_Central,Guava,665,34.0,495.72,0.04864091559370529,True
2026-02-23,Pattaya_Central,MixedBerryPremium,111,36.0,1500.84,0.24489795918367346,True
2026-02-23,Pattaya_Central,PassionFruit,595,43.0,1105.96,0.06739811912225706,True
2026-02-23,Pattaya_Central,Pineapple,1067,47.0,770.8,0.0421903052064632,True
2026-02-23,Pattaya_Central,Watermelon,1593,57.0,816.8100000000001,0.034545454545454546,True
2026-03-02,BKK_Ladprao,Guava,381,34.0,506.94,0.0819277108433735,True
2026-03-02,BKK_Ladprao,MixedBerryPremium,339,123.0,5127.87,0.2662337662337662,True
2026-03-02,BKK_Ladprao,PassionFruit,313,44.0,1048.96,0.12324929971988796,True
2026-03-02,BKK_Ladprao,Pineapple,568,45.0,739.35,0.0734094616639478,True
2026-03-02,BKK_Ladprao,Watermelon,928,41.0,549.4,0.04231166150670795,True
2026-03-02,BKK_Sukhumvit,Guava,587,33.0,492.03,0.0532258064516129,True
2026-03-02,BKK_Sukhumvit,MixedBerryPremium,503,96.0,4002.24,0.16026711185308848,True
2026-03-02,BKK_Sukhumvit,PassionFruit,574,54.0,1287.36,0.08598726114649681,True
2026-03-02,BKK_Sukhumvit,Pineapple,962,38.0,624.34,0.038,True
2026-03-02,BKK_Sukhumvit,Watermelon,1458,40.0,536.0,0.0267022696929239,True
2026-03-02,Pattaya_Beach,Guava,674,36.0,536.76,0.05070422535211268,True
2026-03-02,Pattaya_Beach,MixedBerryPremium,551,148.0,6170.12,0.2117310443490701,True
2026-03-02,Pattaya_Beach,PassionFruit,590,50.0,1192.0,0.078125,True
2026-03-02,Pattaya_Beach,Pineapple,1080,45.0,739.35,0.04,True
2026-03-02,Pattaya_Beach,Watermelon,1665,49.0,656.6,0.028588098016336057,True
2026-03-02,Pattaya_Central,Guava,757,38.0,566.58,0.04779874213836478,True
2026-03-02,Pattaya_Central,MixedBerryPremium,653,159.0,6628.71,0.1958128078817734,True
2026-03-02,Pattaya_Central,PassionFruit,684,51.0,1215.84,0.06938775510204082,True
2026-03-02,Pattaya_Central,Pineapple,1268,49.0,805.07,0.03720577069096431,True
2026-03-02,Pattaya_Central,Watermelon,1974,59.0,790.6,0.029021151008362025,True
2026-03-09,BKK_Ladprao,Guava,365,33.0,477.18,0.0829145728643216,True
2026-03-09,BKK_Ladprao,MixedBerryPremium,274,108.0,4594.32,0.28272251308900526,True
2026-03-09,BKK_Ladprao,PassionFruit,257,44.0,1052.92,0.1461794019933555,True
2026-03-09,BKK_Ladprao,Pineapple,499,35.0,556.8499999999999,0.06554307116104868,True
2026-03-09,BKK_Ladprao,Watermelon,810,46.0,620.54,0.053738317757009345,True
2026-03-09,BKK_Sukhumvit,Guava,527,30.0,433.8,0.05385996409335727,True
2026-03-09,BKK_Sukhumvit,MixedBerryPremium,428,92.0,3913.68,0.17692307692307693,True
2026-03-09,BKK_Sukhumvit,PassionFruit,472,43.0,1028.99,0.08349514563106795,True
2026-03-09,BKK_Sukhumvit,Pineapple,906,38.0,604.5799999999999,0.04025423728813559,True
2026-03-09,BKK_Sukhumvit,Watermelon,1392,48.0,647.52,0.03333333333333333,True
2026-03-09,Pattaya_Beach,Guava,640,33.0,477.18,0.04903417533432392,True
2026-03-09,Pattaya_Beach,MixedBerryPremium,539,110.0,4679.4,0.1694915254237288,True
2026-03-09,Pattaya_Beach,PassionFruit,507,37.0,885.4100000000001,0.06801470588235294,True
2026-03-09,Pattaya_Beach,Pineapple,1019,37.0,588.67,0.035037878787878785,True
2026-03-09,Pattaya_Beach,Watermelon,1528,47.0,634.03,0.029841269841269842,True
2026-03-09,Pattaya_Central,Guava,751,46.0,665.1600000000001,0.05771643663739021,True
2026-03-09,Pattaya_Central,MixedBerryPremium,639,131.0,5572.74,0.17012987012987013,True
2026-03-09,Pattaya_Central,PassionFruit,588,60.0,1435.8000000000002,0.09259259259259259,True
2026-03-09,Pattaya_Central,Pineapple,1206,53.0,843.23,0.04209690230341541,True
2026-03-09,Pattaya_Central,Watermelon,1795,71.0,957.79,0.03804930332261522,True
2026-03-16,BKK_Ladprao,Guava,321,38.0,587.86,0.10584958217270195,True
2026-03-16,BKK_Ladprao,MixedBerryPremium,285,92.0,3933.0,0.2440318302387268,True
2026-03-16,BKK_Ladprao,PassionFruit,267,32.0,801.28,0.10702341137123746,True
2026-03-16,BKK_Ladprao,Pineapple,525,45.0,751.95,0.07894736842105263,True
2026-03-16,BKK_Ladprao,Watermelon,779,41.0,531.77,0.05,True
2026-03-16,BKK_Sukhumvit,Guava,505,30.0,464.09999999999997,0.056074766355140186,True
2026-03-16,BKK_Sukhumvit,MixedBerryPremium,487,145.0,6198.75,0.22943037974683544,True
2026-03-16,BKK_Sukhumvit,PassionFruit,415,29.0,726.1600000000001,0.06531531531531531,True
2026-03-16,BKK_Sukhumvit,Pineapple,910,40.0,668.4,0.042105263157894736,True
2026-03-16,BKK_Sukhumvit,Watermelon,1324,37.0,479.89,0.02718589272593681,True
2026-03-16,Pattaya_Beach,Guava,631,25.0,386.75,0.038109756097560975,True
2026-03-16,Pattaya_Beach,MixedBerryPremium,491,132.0,5643.0,0.21187800963081863,True
2026-03-16,Pattaya_Beach,PassionFruit,489,34.0,851.36,0.06500956022944551,True
2026-03-16,Pattaya_Beach,Pineapple,1011,42.0,701.82,0.039886039886039885,True
2026-03-16,Pattaya_Beach,Watermelon,1506,44.0,570.6800000000001,0.02838709677419355,True
2026-03-16,Pattaya_Central,Guava,716,40.0,618.8,0.05291005291005291,True
2026-03-16,Pattaya_Central,MixedBerryPremium,614,110.0,4702.5,0.15193370165745856,True
2026-03-16,Pattaya_Central,PassionFruit,594,50.0,1252.0,0.07763975155279502,True
2026-03-16,Pattaya_Central,Pineapple,1167,47.0,785.37,0.03871499176276771,True
2026-03-16,Pattaya_Central,Watermelon,1738,58.0,752.26,0.03229398663697105,True
2026-03-23,BKK_Ladprao,Guava,366,39.0,595.53,0.0962962962962963,True
2026-03-23,BKK_Ladprao,MixedBerryPremium,194,117.0,5018.13,0.3762057877813505,True
2026-03-23,BKK_Ladprao,PassionFruit,265,43.0,1003.1899999999999,0.1396103896103896,True
2026-03-23,BKK_Ladprao,Pineapple,566,37.0,598.29,0.06135986733001658,True
2026-03-23,BKK_Ladprao,Watermelon,768,29.0,385.40999999999997,0.03638644918444166,True
2026-03-23,BKK_Sukhumvit,Guava,540,26.0,397.02,0.045936395759717315,True
2026-03-23,BKK_Sukhumvit,MixedBerryPremium,308,73.0,3130.97,0.19160104986876642,True
2026-03-23,BKK_Sukhumvit,PassionFruit,427,34.0,793.22,0.0737527114967462,True
2026-03-23,BKK_Sukhumvit,Pineapple,903,31.0,501.27,0.033190578158458245,True
2026-03-23,BKK_Sukhumvit,Watermelon,1317,44.0,584.76,0.03232916972814107,True
2026-03-23,Pattaya_Beach,Guava,625,31.0,473.37,0.04725609756097561,True
2026-03-23,Pattaya_Beach,MixedBerryPremium,357,89.0,3817.21,0.19955156950672645,True
2026-03-23,Pattaya_Beach,PassionFruit,501,53.0,1236.49,0.09566787003610108,True
2026-03-23,Pattaya_Beach,Pineapple,1085,43.0,695.31,0.038120567375886524,True
2026-03-23,Pattaya_Beach,Watermelon,1525,47.0,624.63,0.02989821882951654,True
2026-03-23,Pattaya_Central,Guava,700,36.0,549.72,0.04891304347826087,True
2026-03-23,Pattaya_Central,MixedBerryPremium,412,105.0,4503.45,0.20309477756286268,True
2026-03-23,Pattaya_Central,PassionFruit,561,57.0,1329.81,0.09223300970873786,True
2026-03-23,Pattaya_Central,Pineapple,1220,41.0,662.97,0.03251387787470262,True
2026-03-23,Pattaya_Central,Watermelon,1750,57.0,757.53,0.03154399557277255,True
2026-03-30,BKK_Ladprao,Guava,414,36.0,528.84,0.08,True
2026-03-30,BKK_Ladprao,MixedBerryPremium,198,75.0,3121.5,0.27472527472527475,True
2026-03-30,BKK_Ladprao,PassionFruit,326,45.0,1057.05,0.12129380053908356,True
2026-03-30,BKK_Ladprao,Pineapple,639,48.0,767.52,0.06986899563318777,True
2026-03-30,BKK_Ladprao,Watermelon,958,55.0,707.85,0.054294175715695954,True
2026-03-30,BKK_Sukhumvit,Guava,653,41.0,602.29,0.059077809798270896,True
2026-03-30,BKK_Sukhumvit,MixedBerryPremium,388,94.0,3912.2799999999997,0.1950207468879668,True
2026-03-30,BKK_Sukhumvit,PassionFruit,529,49.0,1151.01,0.0847750865051903,True
2026-03-30,BKK_Sukhumvit,Pineapple,1058,43.0,687.5699999999999,0.03905540417801998,True
2026-03-30,BKK_Sukhumvit,Watermelon,1576,39.0,501.92999999999995,0.02414860681114551,True
2026-03-30,Pattaya_Beach,Guava,720,40.0,587.6,0.05263157894736842,True
2026-03-30,Pattaya_Beach,MixedBerryPremium,429,89.0,3704.18,0.1718146718146718,True
2026-03-30,Pattaya_Beach,PassionFruit,552,44.0,1033.56,0.0738255033557047,True
2026-03-30,Pattaya_Beach,Pineapple,1245,50.0,799.5,0.03861003861003861,True
2026-03-30,Pattaya_Beach,Watermelon,1811,50.0,643.5,0.026867275658248254,True
2026-03-30,Pattaya_Central,Guava,931,44.0,646.36,0.04512820512820513,True
2026-03-30,Pattaya_Central,MixedBerryPremium,451,98.0,4078.7599999999998,0.1785063752276867,True
2026-03-30,Pattaya_Central,PassionFruit,723,72.0,1691.28,0.09056603773584905,True
2026-03-30,Pattaya_Central,Pineapple,1444,71.0,1135.29,0.04686468646864687,True
2026-03-30,Pattaya_Central,Watermelon,2131,70.0,900.9,0.03180372557928214,True
2026-04-06,BKK_Ladprao,Guava,381,31.0,488.87,0.07524271844660194,True
2026-04-06,BKK_Ladprao,MixedBerryPremium,240,109.0,4518.05,0.3123209169054441,True
2026-04-06,BKK_Ladprao,PassionFruit,328,44.0,1085.48,0.11827956989247312,True
2026-04-06,BKK_Ladprao,Pineapple,639,46.0,619.62,0.06715328467153285,True
2026-04-06,BKK_Ladprao,Watermelon,949,35.0,464.1,0.03556910569105691,True
2026-04-06,BKK_Sukhumvit,Guava,667,33.0,520.41,0.047142857142857146,True
2026-04-06,BKK_Sukhumvit,MixedBerryPremium,395,109.0,4518.05,0.21626984126984128,True
2026-04-06,BKK_Sukhumvit,PassionFruit,540,42.0,1036.14,0.07216494845360824,True
2026-04-06,BKK_Sukhumvit,Pineapple,1113,38.0,511.86,0.03301476976542137,True
2026-04-06,BKK_Sukhumvit,Watermelon,1690,55.0,729.3,0.03151862464183381,True
2026-04-06,Pattaya_Beach,Guava,737,42.0,662.3399999999999,0.05391527599486521,True
2026-04-06,Pattaya_Beach,MixedBerryPremium,424,101.0,4186.450000000001,0.19238095238095237,True
2026-04-06,Pattaya_Beach,PassionFruit,619,59.0,1455.53,0.08702064896755163,True
2026-04-06,Pattaya_Beach,Pineapple,1287,52.0,700.44,0.038834951456310676,True
2026-04-06,Pattaya_Beach,Watermelon,1826,47.0,623.22,0.025093432995194873,True
2026-04-06,Pattaya_Central,Guava,890,45.0,709.65,0.0481283422459893,True
2026-04-06,Pattaya_Central,MixedBerryPremium,537,105.0,4352.25,0.16355140186915887,True
2026-04-06,Pattaya_Central,PassionFruit,753,66.0,1628.22,0.08058608058608059,True
2026-04-06,Pattaya_Central,Pineapple,1444,68.0,915.96,0.04497354497354497,True
2026-04-06,Pattaya_Central,Watermelon,2155,69.0,914.94,0.03102517985611511,True
2026-04-13,BKK_Ladprao,Guava,547,34.0,538.22,0.058519793459552494,True
2026-04-13,BKK_Ladprao,MixedBerryPremium,282,123.0,5312.37,0.3037037037037037,True
2026-04-13,BKK_Ladprao,PassionFruit,381,50.0,1220.0,0.11600928074245939,True
2026-04-13,BKK_Ladprao,Pineapple,770,54.0,714.96,0.06553398058252427,True
2026-04-13,BKK_Ladprao,Watermelon,1198,43.0,570.61,0.0346494762288477,True
2026-04-13,BKK_Sukhumvit,Guava,911,46.0,728.18,0.04806687565308255,True
2026-04-13,BKK_Sukhumvit,MixedBerryPremium,435,99.0,4275.8099999999995,0.1853932584269663,True
2026-04-13,BKK_Sukhumvit,PassionFruit,660,58.0,1415.2,0.0807799442896936,True
2026-04-13,BKK_Sukhumvit,Pineapple,1292,56.0,741.44,0.04154302670623145,True
2026-04-13,BKK_Sukhumvit,Watermelon,2032,63.0,836.01,0.03007159904534606,True
2026-04-13,Pattaya_Beach,Guava,950,41.0,649.03,0.04137235116044399,True
2026-04-13,Pattaya_Beach,MixedBerryPremium,492,112.0,4837.28,0.18543046357615894,True
2026-04-13,Pattaya_Beach,PassionFruit,776,74.0,1805.6,0.08705882352941176,True
2026-04-13,Pattaya_Beach,Pineapple,1487,59.0,781.16,0.03816300129366106,True
2026-04-13,Pattaya_Beach,Watermelon,2205,50.0,663.5,0.022172949002217297,True
2026-04-13,Pattaya_Central,Guava,1144,55.0,870.65,0.045871559633027525,True
2026-04-13,Pattaya_Central,MixedBerryPremium,563,122.0,5269.18,0.1781021897810219,True
2026-04-13,Pattaya_Central,PassionFruit,897,70.0,1708.0,0.07238883143743537,True
2026-04-13,Pattaya_Central,Pineapple,1734,64.0,847.36,0.035595105672969966,True
2026-04-13,Pattaya_Central,Watermelon,2565,86.0,1141.22,0.03244058845718597,True
2026-04-20,BKK_Ladprao,Guava,396,37.0,554.26,0.08545034642032333,True
2026-04-20,BKK_Ladprao,MixedBerryPremium,209,96.0,4227.84,0.31475409836065577,True
2026-04-20,BKK_Ladprao,PassionFruit,284,43.0,1102.09,0.13149847094801223,True
2026-04-20,BKK_Ladprao,Pineapple,637,39.0,545.22,0.057692307692307696,True
2026-04-20,BKK_Ladprao,Watermelon,914,48.0,619.2,0.0498960498960499,True
2026-04-20,BKK_Sukhumvit,Guava,584,28.0,419.44,0.0457516339869281,True
2026-04-20,BKK_Sukhumvit,MixedBerryPremium,333,92.0,4051.68,0.2164705882352941,True
2026-04-20,BKK_Sukhumvit,PassionFruit,497,47.0,1204.61,0.08639705882352941,True
2026-04-20,BKK_Sukhumvit,Pineapple,1027,46.0,643.08,0.04287045666356011,True
2026-04-20,BKK_Sukhumvit,Watermelon,1459,41.0,528.9,0.027333333333333334,True
2026-04-20,Pattaya_Beach,Guava,688,35.0,524.3,0.048409405255878286,True
2026-04-20,Pattaya_Beach,MixedBerryPremium,366,95.0,4183.8,0.20607375271149675,True
2026-04-20,Pattaya_Beach,PassionFruit,558,43.0,1102.0900000000001,0.07154742096505824,True
2026-04-20,Pattaya_Beach,Pineapple,1213,50.0,699.0,0.0395882818685669,True
2026-04-20,Pattaya_Beach,Watermelon,1718,45.0,580.5,0.025524673851389675,True
2026-04-20,Pattaya_Central,Guava,832,44.0,659.12,0.0502283105022831,True
2026-04-20,Pattaya_Central,MixedBerryPremium,421,102.0,4492.08,0.1950286806883365,True
2026-04-20,Pattaya_Central,PassionFruit,702,54.0,1384.02,0.07142857142857142,True
2026-04-20,Pattaya_Central,Pineapple,1409,50.0,699.0,0.03427004797806717,True
2026-04-20,Pattaya_Central,Watermelon,2035,67.0,864.3,0.031874405328258804,True
2026-04-27,BKK_Ladprao,Guava,363,26.0,382.2,0.06683804627249357,True
2026-04-27,BKK_Ladprao,MixedBerryPremium,181,89.0,3942.7,0.3296296296296296,True
2026-04-27,BKK_Ladprao,PassionFruit,266,39.0,955.89,0.12786885245901639,True
2026-04-27,BKK_Ladprao,Pineapple,589,36.0,490.68,0.0576,True
2026-04-27,BKK_Ladprao,Watermelon,941,47.0,619.46,0.04757085020242915,True
2026-04-27,BKK_Sukhumvit,Guava,558,31.0,455.7,0.05263157894736842,True
2026-04-27,BKK_Sukhumvit,MixedBerryPremium,331,84.0,3721.2,0.20240963855421687,True
2026-04-27,BKK_Sukhumvit,PassionFruit,493,40.0,980.4,0.075046904315197,True
2026-04-27,BKK_Sukhumvit,Pineapple,945,42.0,572.46,0.0425531914893617,True
2026-04-27,BKK_Sukhumvit,Watermelon,1529,44.0,579.9200000000001,0.027972027972027972,True
2026-04-27,Pattaya_Beach,Guava,665,36.0,529.2,0.05135520684736091,True
2026-04-27,Pattaya_Beach,MixedBerryPremium,353,71.0,3145.3,0.16745283018867924,True
2026-04-27,Pattaya_Beach,PassionFruit,524,46.0,1127.46,0.08070175438596491,True
2026-04-27,Pattaya_Beach,Pineapple,1095,43.0,586.09,0.037785588752196834,True
2026-04-27,Pattaya_Beach,Watermelon,1697,59.0,777.62,0.033599088838268794,True
2026-04-27,Pattaya_Central,Guava,798,48.0,705.6,0.05673758865248227,True
2026-04-27,Pattaya_Central,MixedBerryPremium,394,107.0,4740.1,0.21357285429141717,True
2026-04-27,Pattaya_Central,PassionFruit,655,62.0,1519.6200000000001,0.08647140864714087,True
2026-04-27,Pattaya_Central,Pineapple,1320,71.0,967.73,0.051042415528396834,True
2026-04-27,Pattaya_Central,Watermelon,2072,56.0,738.08,0.02631578947368421,True
2026-05-04,BKK_Ladprao,Guava,384,32.0,502.71999999999997,0.07692307692307693,True
2026-05-04,BKK_Ladprao,MixedBerryPremium,192,96.0,4329.6,0.3333333333333333,True
2026-05-04,BKK_Ladprao,PassionFruit,266,38.0,892.24,0.125,True
2026-05-04,BKK_Ladprao,Pineapple,601,43.0,624.36,0.06677018633540373,True
2026-05-04,BKK_Ladprao,Watermelon,984,57.0,733.02,0.05475504322766571,True
2026-05-04,BKK_Sukhumvit,Guava,685,35.0,549.85,0.04861111111111111,True
2026-05-04,BKK_Sukhumvit,MixedBerryPremium,329,81.0,3653.1,0.1975609756097561,True
2026-05-04,BKK_Sukhumvit,PassionFruit,479,42.0,986.16,0.08061420345489444,True
2026-05-04,BKK_Sukhumvit,Pineapple,988,37.0,537.24,0.03609756097560975,True
2026-05-04,BKK_Sukhumvit,Watermelon,1696,50.0,643.0,0.0286368843069874,True
2026-05-04,Pattaya_Beach,Guava,735,41.0,644.11,0.05283505154639175,True
2026-05-04,Pattaya_Beach,MixedBerryPremium,343,72.0,3247.2,0.17349397590361446,True
2026-05-04,Pattaya_Beach,PassionFruit,545,53.0,1244.44,0.08862876254180602,True
2026-05-04,Pattaya_Beach,Pineapple,1109,52.0,755.04,0.04478897502153316,True
2026-05-04,Pattaya_Beach,Watermelon,1788,48.0,617.28,0.026143790849673203,True
2026-05-04,Pattaya_Central,Guava,809,38.0,596.98,0.0448642266824085,True
2026-05-04,Pattaya_Central,MixedBerryPremium,441,103.0,4645.3,0.18933823529411764,True
2026-05-04,Pattaya_Central,PassionFruit,706,62.0,1455.76,0.08072916666666667,True
2026-05-04,Pattaya_Central,Pineapple,1379,49.0,711.48,0.03431372549019608,True
2026-05-04,Pattaya_Central,Watermelon,2136,72.0,925.9200000000001,0.03260869565217391,True
2026-05-11,BKK_Ladprao,Guava,316,29.0,423.69,0.08405797101449275,True
2026-05-11,BKK_Ladprao,MixedBerryPremium,178,60.0,2805.0,0.25210084033613445,True
2026-05-11,BKK_Ladprao,PassionFruit,285,49.0,1219.12,0.1467065868263473,True
2026-05-11,BKK_Ladprao,Pineapple,595,36.0,514.08,0.05705229793977813,True
2026-05-11,BKK_Ladprao,Watermelon,836,36.0,465.12,0.04128440366972477,True
2026-05-11,BKK_Sukhumvit,Guava,573,30.0,438.29999999999995,0.04975124378109453,True
2026-05-11,BKK_Sukhumvit,MixedBerryPremium,273,59.0,2758.25,0.17771084337349397,True
2026-05-11,BKK_Sukhumvit,PassionFruit,451,38.0,945.4399999999999,0.07770961145194274,True
2026-05-11,BKK_Sukhumvit,Pineapple,932,38.0,542.64,0.03917525773195876,True
2026-05-11,BKK_Sukhumvit,Watermelon,1404,40.0,516.8,0.027700831024930747,True
2026-05-11,Pattaya_Beach,Guava,654,30.0,438.29999999999995,0.043859649122807015,True
2026-05-11,Pattaya_Beach,MixedBerryPremium,312,67.0,3132.25,0.17678100263852242,True
2026-05-11,Pattaya_Beach,PassionFruit,528,39.0,970.3199999999999,0.06878306878306878,True
2026-05-11,Pattaya_Beach,Pineapple,994,41.0,585.48,0.03961352657004831,True
2026-05-11,Pattaya_Beach,Watermelon,1584,42.0,542.64,0.025830258302583026,True
2026-05-11,Pattaya_Central,Guava,768,40.0,584.4,0.04950495049504951,True
2026-05-11,Pattaya_Central,MixedBerryPremium,371,93.0,4347.75,0.20043103448275862,True
2026-05-11,Pattaya_Central,PassionFruit,611,38.0,945.44,0.05855161787365177,True
2026-05-11,Pattaya_Central,Pineapple,1213,53.0,756.84,0.04186413902053712,True
2026-05-11,Pattaya_Central,Watermelon,1867,51.0,658.92,0.026590198123044837,True
2026-05-18,BKK_Ladprao,Guava,318,30.0,472.5,0.08620689655172414,True
2026-05-18,BKK_Ladprao,MixedBerryPremium,179,59.0,2655.0,0.24789915966386555,True
2026-05-18,BKK_Ladprao,PassionFruit,275,35.0,830.1999999999999,0.11290322580645161,True
2026-05-18,BKK_Ladprao,Pineapple,529,30.0,401.09999999999997,0.05366726296958855,True
2026-05-18,BKK_Ladprao,Watermelon,871,38.0,508.82000000000005,0.041804180418041806,True
2026-05-18,BKK_Sukhumvit,Guava,570,32.0,504.0,0.053156146179401995,True
2026-05-18,BKK_Sukhumvit,MixedBerryPremium,262,67.0,3015.0,0.20364741641337386,True
2026-05-18,BKK_Sukhumvit,PassionFruit,465,35.0,830.1999999999999,0.07,True
2026-05-18,BKK_Sukhumvit,Pineapple,916,44.0,588.28,0.04583333333333333,True
2026-05-18,BKK_Sukhumvit,Watermelon,1323,35.0,468.65000000000003,0.02577319587628866,True
2026-05-18,Pattaya_Beach,Guava,672,44.0,693.0,0.061452513966480445,True
2026-05-18,Pattaya_Beach,MixedBerryPremium,299,62.0,2790.0,0.17174515235457063,True
2026-05-18,Pattaya_Beach,PassionFruit,516,47.0,1114.84,0.08348134991119005,True
2026-05-18,Pattaya_Beach,Pineapple,1059,51.0,681.87,0.04594594594594595,True
2026-05-18,Pattaya_Beach,Watermelon,1575,46.0,615.94,0.0283775447254781,True
2026-05-18,Pattaya_Central,Guava,775,49.0,771.75,0.05946601941747573,True
2026-05-18,Pattaya_Central,MixedBerryPremium,380,97.0,4365.0,0.20335429769392033,True
2026-05-18,Pattaya_Central,PassionFruit,583,41.0,972.52,0.06570512820512821,True
2026-05-18,Pattaya_Central,Pineapple,1195,45.0,601.65,0.036290322580645164,True
2026-05-18,Pattaya_Central,Watermelon,1835,57.0,763.23,0.030126849894291756,True
2026-05-25,BKK_Ladprao,Guava,317,28.0,436.52,0.08115942028985507,True
2026-05-25,BKK_Ladprao,MixedBerryPremium,159,80.0,3573.6,0.33472803347280333,True
2026-05-25,BKK_Ladprao,PassionFruit,270,39.0,985.9200000000001,0.1262135922330097,True
2026-05-25,BKK_Ladprao,Pineapple,528,36.0,496.44,0.06382978723404255,True
2026-05-25,BKK_Ladprao,Watermelon,857,50.0,662.0,0.05512679162072767,True
2026-05-25,BKK_Sukhumvit,Guava,633,31.0,483.29,0.046686746987951805,True
2026-05-25,BKK_Sukhumvit,MixedBerryPremium,270,68.0,3037.56,0.20118343195266272,True
2026-05-25,BKK_Sukhumvit,PassionFruit,458,41.0,1036.48,0.08216432865731463,True
2026-05-25,BKK_Sukhumvit,Pineapple,904,31.0,427.49,0.033155080213903745,True
2026-05-25,BKK_Sukhumvit,Watermelon,1382,54.0,714.96,0.037604456824512536,True
2026-05-25,Pattaya_Beach,Guava,641,34.0,530.06,0.05037037037037037,True
2026-05-25,Pattaya_Beach,MixedBerryPremium,296,58.0,2590.86,0.1638418079096045,True
2026-05-25,Pattaya_Beach,PassionFruit,535,57.0,1440.96,0.09628378378378379,True
2026-05-25,Pattaya_Beach,Pineapple,1015,42.0,579.18,0.039735099337748346,True
2026-05-25,Pattaya_Beach,Watermelon,1574,55.0,728.2,0.03376304481276857,True
2026-05-25,Pattaya_Central,Guava,808,41.0,639.19,0.048292108362779744,True
2026-05-25,Pattaya_Central,MixedBerryPremium,369,76.0,3394.92,0.1707865168539326,True
2026-05-25,Pattaya_Central,PassionFruit,576,60.0,1516.8000000000002,0.09433962264150944,True
2026-05-25,Pattaya_Central,Pineapple,1182,49.0,675.71,0.039805036555645816,True
2026-05-25,Pattaya_Central,Watermelon,1785,48.0,635.52,0.02618657937806874,True
2026-06-01,BKK_Ladprao,Guava,272,26.0,425.88,0.087248322147651,True
2026-06-01,BKK_Ladprao,MixedBerryPremium,113,43.0,2033.8999999999999,0.27564102564102566,True
2026-06-01,BKK_Ladprao,PassionFruit,225,34.0,1111.46,0.13127413127413126,True
2026-06-01,BKK_Ladprao,Pineapple,436,28.0,382.76,0.0603448275862069,True
2026-06-01,BKK_Ladprao,Watermelon,681,36.0,516.96,0.0502092050209205,True
2026-06-01,BKK_Sukhumvit,Guava,451,23.0,376.74,0.04852320675105485,True
2026-06-01,BKK_Sukhumvit,MixedBerryPremium,211,47.0,2223.1,0.1821705426356589,True
2026-06-01,BKK_Sukhumvit,PassionFruit,337,33.0,1078.77,0.0891891891891892,True
2026-06-01,BKK_Sukhumvit,Pineapple,733,21.0,287.07,0.027851458885941646,True
2026-06-01,BKK_Sukhumvit,Watermelon,1012,30.0,430.79999999999995,0.028790786948176585,True
2026-06-01,Pattaya_Beach,Guava,489,26.0,425.88,0.05048543689320388,True
2026-06-01,Pattaya_Beach,MixedBerryPremium,244,45.0,2128.5,0.15570934256055363,True
2026-06-01,Pattaya_Beach,PassionFruit,411,34.0,1111.46,0.07640449438202247,True
2026-06-01,Pattaya_Beach,Pineapple,858,30.0,410.09999999999997,0.033783783783783786,True
2026-06-01,Pattaya_Beach,Watermelon,1196,34.0,488.24,0.027642276422764227,True
2026-06-01,Pattaya_Central,Guava,590,34.0,556.92,0.05448717948717949,True
2026-06-01,Pattaya_Central,MixedBerryPremium,295,79.0,3736.7000000000003,0.21122994652406418,True
2026-06-01,Pattaya_Central,PassionFruit,453,51.0,1667.1899999999998,0.10119047619047619,True
2026-06-01,Pattaya_Central,Pineapple,951,45.0,615.15,0.045180722891566265,True
2026-06-01,Pattaya_Central,Watermelon,1430,52.0,746.72,0.03508771929824561,True
2026-06-08,BKK_Ladprao,Guava,210,20.0,324.4,0.08695652173913043,True
2026-06-08,BKK_Ladprao,MixedBerryPremium,113,47.0,2344.83,0.29375,True
2026-06-08,BKK_Ladprao,PassionFruit,185,30.0,1070.1,0.13953488372093023,True
2026-06-08,BKK_Ladprao,Pineapple,410,32.0,424.64,0.07239819004524888,True
2026-06-08,BKK_Ladprao,Watermelon,606,33.0,453.09000000000003,0.051643192488262914,True
2026-06-08,BKK_Sukhumvit,Guava,375,23.0,373.05999999999995,0.05778894472361809,True
2026-06-08,BKK_Sukhumvit,MixedBerryPremium,199,44.0,2195.16,0.18106995884773663,True
2026-06-08,BKK_Sukhumvit,PassionFruit,336,29.0,1034.43,0.07945205479452055,True
2026-06-08,BKK_Sukhumvit,Pineapple,651,29.0,384.83,0.04264705882352941,True
2026-06-08,BKK_Sukhumvit,Watermelon,944,34.0,466.82,0.034764826175869123,True
2026-06-08,Pattaya_Beach,Guava,433,20.0,324.4,0.04415011037527594,True
2026-06-08,Pattaya_Beach,MixedBerryPremium,209,48.0,2394.7200000000003,0.1867704280155642,True
2026-06-08,Pattaya_Beach,PassionFruit,372,42.0,1498.1399999999999,0.10144927536231885,True
2026-06-08,Pattaya_Beach,Pineapple,725,25.0,331.75,0.03333333333333333,True
2026-06-08,Pattaya_Beach,Watermelon,1055,34.0,466.82,0.031221303948576674,True
2026-06-08,Pattaya_Central,Guava,554,30.0,486.59999999999997,0.05136986301369863,True
2026-06-08,Pattaya_Central,MixedBerryPremium,246,56.0,2793.84,0.18543046357615894,True
2026-06-08,Pattaya_Central,PassionFruit,375,31.0,1105.77,0.07635467980295567,True
2026-06-08,Pattaya_Central,Pineapple,803,40.0,530.8,0.04744958481613286,True
2026-06-08,Pattaya_Central,Watermelon,1307,33.0,453.09000000000003,0.024626865671641792,True
2026-06-15,BKK_Ladprao,Guava,239,23.0,394.67999999999995,0.08778625954198473,True
2026-06-15,BKK_Ladprao,MixedBerryPremium,101,44.0,2178.88,0.30344827586206896,True
2026-06-15,BKK_Ladprao,PassionFruit,188,31.0,1046.25,0.1415525114155251,True
2026-06-15,BKK_Ladprao,Pineapple,409,27.0,395.01,0.06192660550458716,True
2026-06-15,BKK_Ladprao,Watermelon,633,34.0,482.8,0.050974512743628186,True
2026-06-15,BKK_Sukhumvit,Guava,395,21.0,360.36,0.05048076923076923,True
2026-06-15,BKK_Sukhumvit,MixedBerryPremium,170,41.0,2030.3200000000002,0.1943127962085308,True
2026-06-15,BKK_Sukhumvit,PassionFruit,336,35.0,1181.25,0.09433962264150944,True
2026-06-15,BKK_Sukhumvit,Pineapple,662,26.0,380.38,0.0377906976744186,True
2026-06-15,BKK_Sukhumvit,Watermelon,1009,36.0,511.2,0.03444976076555024,True
2026-06-15,Pattaya_Beach,Guava,465,23.0,394.68,0.0471311475409836,True
2026-06-15,Pattaya_Beach,MixedBerryPremium,204,47.0,2327.44,0.18725099601593626,True
2026-06-15,Pattaya_Beach,PassionFruit,370,36.0,1215.0,0.08866995073891626,True
2026-06-15,Pattaya_Beach,Pineapple,725,25.0,365.75,0.03333333333333333,True
2026-06-15,Pattaya_Beach,Watermelon,1126,40.0,568.0,0.03430531732418525,True
2026-06-15,Pattaya_Central,Guava,523,28.0,480.47999999999996,0.050816696914700546,True
2026-06-15,Pattaya_Central,MixedBerryPremium,252,48.0,2376.96,0.16,True
2026-06-15,Pattaya_Central,PassionFruit,449,32.0,1080.0,0.06652806652806653,True
2026-06-15,Pattaya_Central,Pineapple,843,34.0,497.4200000000001,0.03876852907639681,True
2026-06-15,Pattaya_Central,Watermelon,1332,45.0,639.0,0.032679738562091505,True
2026-06-22,BKK_Ladprao,Guava,258,23.0,370.07,0.08185053380782918,True
2026-06-22,BKK_Ladprao,MixedBerryPremium,121,51.0,2624.9700000000003,0.29651162790697677,True
2026-06-22,BKK_Ladprao,PassionFruit,200,34.0,1089.02,0.1452991452991453,True
2026-06-22,BKK_Ladprao,Pineapple,407,24.0,342.24,0.05568445475638051,True
2026-06-22,BKK_Ladprao,Watermelon,614,34.0,483.47999999999996,0.05246913580246913,True
2026-06-22,BKK_Sukhumvit,Guava,414,20.0,321.8,0.04608294930875576,True
2026-06-22,BKK_Sukhumvit,MixedBerryPremium,187,38.0,1955.8600000000001,0.1688888888888889,True
2026-06-22,BKK_Sukhumvit,PassionFruit,340,32.0,1024.96,0.08602150537634409,True
2026-06-22,BKK_Sukhumvit,Pineapple,738,32.0,456.32,0.04155844155844156,True
2026-06-22,BKK_Sukhumvit,Watermelon,959,28.0,398.15999999999997,0.028368794326241134,True
2026-06-22,Pattaya_Beach,Guava,446,18.0,289.62,0.03879310344827586,True
2026-06-22,Pattaya_Beach,MixedBerryPremium,190,46.0,2367.62,0.19491525423728814,True
2026-06-22,Pattaya_Beach,PassionFruit,381,42.0,1345.26,0.09929078014184398,True
2026-06-22,Pattaya_Beach,Pineapple,683,33.0,470.58,0.046089385474860335,True
2026-06-22,Pattaya_Beach,Watermelon,1144,41.0,583.02,0.03459915611814346,True
2026-06-22,Pattaya_Central,Guava,545,27.0,434.43,0.0472027972027972,True
2026-06-22,Pattaya_Central,MixedBerryPremium,244,48.0,2470.56,0.1643835616438356,True
2026-06-22,Pattaya_Central,PassionFruit,423,39.0,1249.17,0.08441558441558442,True
2026-06-22,Pattaya_Central,Pineapple,843,33.0,470.58,0.03767123287671233,True
2026-06-22,Pattaya_Central,Watermelon,1338,41.0,583.02,0.02973168963016679,True
2026-06-29,BKK_Ladprao,Guava,215,17.0,268.77,0.07327586206896551,True
2026-06-29,BKK_Ladprao,MixedBerryPremium,79,34.0,1836.0,0.3008849557522124,True
2026-06-29,BKK_Ladprao,PassionFruit,175,19.0,610.85,0.0979381443298969,True
2026-06-29,BKK_Ladprao,Pineapple,388,31.0,455.7,0.07398568019093078,True
2026-06-29,BKK_Ladprao,Watermelon,540,24.0,331.44,0.0425531914893617,True
2026-06-29,BKK_Sukhumvit,Guava,378,21.0,332.01,0.05263157894736842,True
2026-06-29,BKK_Sukhumvit,MixedBerryPremium,163,43.0,2322.0,0.2087378640776699,True
2026-06-29,BKK_Sukhumvit,PassionFruit,336,32.0,1028.8,0.08695652173913043,True
2026-06-29,BKK_Sukhumvit,Pineapple,650,30.0,441.0,0.04411764705882353,True
2026-06-29,BKK_Sukhumvit,Watermelon,972,38.0,524.78,0.03762376237623762,True
2026-06-29,Pattaya_Beach,Guava,392,18.0,284.58,0.04390243902439024,True
2026-06-29,Pattaya_Beach,MixedBerryPremium,179,33.0,1782.0,0.15566037735849056,True
2026-06-29,Pattaya_Beach,PassionFruit,352,26.0,835.9,0.06878306878306878,True
2026-06-29,Pattaya_Beach,Pineapple,706,28.0,411.6,0.03814713896457766,True
2026-06-29,Pattaya_Beach,Watermelon,1107,31.0,428.11,0.027240773286467488,True
2026-06-29,Pattaya_Central,Guava,542,30.0,474.3,0.05244755244755245,True
2026-06-29,Pattaya_Central,MixedBerryPremium,220,42.0,2268.0,0.16030534351145037,True
2026-06-29,Pattaya_Central,PassionFruit,405,35.0,1125.25,0.07954545454545454,True
2026-06-29,Pattaya_Central,Pineapple,793,34.0,499.8,0.041112454655380895,True
2026-06-29,Pattaya_Central,Watermelon,1309,34.0,469.54,0.02531645569620253,True
2026-07-06,BKK_Ladprao,Guava,286,18.0,298.08,0.05921052631578947,True
2026-07-06,BKK_Ladprao,MixedBerryPremium,98,41.0,2167.67,0.2949640287769784,True
2026-07-06,BKK_Ladprao,PassionFruit,189,25.0,879.75,0.11682242990654206,True
2026-07-06,BKK_Ladprao,Pineapple,394,24.0,368.64,0.05741626794258373,True
2026-07-06,BKK_Ladprao,Watermelon,600,33.0,452.76,0.052132701421800945,True
2026-07-06,BKK_Sukhumvit,Guava,412,21.0,347.76,0.04849884526558892,True
2026-07-06,BKK_Sukhumvit,MixedBerryPremium,172,38.0,2009.0600000000002,0.18095238095238095,True
2026-07-06,BKK_Sukhumvit,PassionFruit,335,29.0,1020.51,0.07967032967032966,True
2026-07-06,BKK_Sukhumvit,Pineapple,670,27.0,414.71999999999997,0.03873744619799139,True
2026-07-06,BKK_Sukhumvit,Watermelon,905,26.0,356.71999999999997,0.027926960257787327,True
2026-07-06,Pattaya_Beach,Guava,480,31.0,513.36,0.060665362035225046,True
2026-07-06,Pattaya_Beach,MixedBerryPremium,204,56.0,2960.7200000000003,0.2153846153846154,True
2026-07-06,Pattaya_Beach,PassionFruit,391,40.0,1407.6,0.09280742459396751,True
2026-07-06,Pattaya_Beach,Pineapple,741,33.0,506.88,0.04263565891472868,True
2026-07-06,Pattaya_Beach,Watermelon,1048,34.0,466.47999999999996,0.031423290203327174,True
2026-07-06,Pattaya_Central,Guava,535,30.0,496.8,0.05309734513274336,True
2026-07-06,Pattaya_Central,MixedBerryPremium,238,56.0,2960.7200000000003,0.19047619047619047,True
2026-07-06,Pattaya_Central,PassionFruit,452,31.0,1090.8899999999999,0.06418219461697723,True
2026-07-06,Pattaya_Central,Pineapple,867,34.0,522.24,0.03773584905660377,True
2026-07-06,Pattaya_Central,Watermelon,1319,34.0,466.48,0.025129342202512936,True
2026-07-13,BKK_Ladprao,Guava,195,12.0,207.95999999999998,0.057971014492753624,True
2026-07-13,BKK_Ladprao,MixedBerryPremium,93,46.0,2367.62,0.33093525179856115,True
2026-07-13,BKK_Ladprao,PassionFruit,173,25.0,842.0,0.12626262626262627,True
2026-07-13,BKK_Ladprao,Pineapple,403,30.0,496.5,0.06928406466512702,True
2026-07-13,BKK_Ladprao,Watermelon,520,25.0,346.25,0.045871559633027525,True
2026-07-13,BKK_Sukhumvit,Guava,386,19.0,329.27,0.04691358024691358,True
2026-07-13,BKK_Sukhumvit,MixedBerryPremium,146,25.0,1286.75,0.14619883040935672,True
2026-07-13,BKK_Sukhumvit,PassionFruit,285,27.0,909.36,0.08653846153846154,True
2026-07-13,BKK_Sukhumvit,Pineapple,625,29.0,479.95,0.04434250764525994,True
2026-07-13,BKK_Sukhumvit,Watermelon,961,33.0,457.04999999999995,0.03319919517102616,True
2026-07-13,Pattaya_Beach,Guava,414,28.0,485.24,0.06334841628959276,True
2026-07-13,Pattaya_Beach,MixedBerryPremium,196,56.0,2882.32,0.2222222222222222,True
2026-07-13,Pattaya_Beach,PassionFruit,332,32.0,1077.76,0.08791208791208792,True
2026-07-13,Pattaya_Beach,Pineapple,695,22.0,364.1,0.030683403068340307,True
2026-07-13,Pattaya_Beach,Watermelon,1005,27.0,373.95,0.02616279069767442,True
2026-07-13,Pattaya_Central,Guava,468,20.0,346.59999999999997,0.040983606557377046,True
2026-07-13,Pattaya_Central,MixedBerryPremium,208,58.0,2985.26,0.21804511278195488,True
2026-07-13,Pattaya_Central,PassionFruit,390,43.0,1448.24,0.09930715935334873,True
2026-07-13,Pattaya_Central,Pineapple,866,34.0,562.7,0.03777777777777778,True
2026-07-13,Pattaya_Central,Watermelon,1218,39.0,540.15,0.031026252983293555,True
2026-07-20,BKK_Ladprao,Guava,240,22.0,342.98,0.08396946564885496,True
2026-07-20,BKK_Ladprao,MixedBerryPremium,63,26.0,1299.48,0.29213483146067415,True
2026-07-20,BKK_Ladprao,PassionFruit,180,29.0,997.31,0.13875598086124402,True
2026-07-20,BKK_Ladprao,Pineapple,360,22.0,340.12,0.05759162303664921,True
2026-07-20,BKK_Ladprao,Watermelon,579,29.0,394.69,0.047697368421052634,True
2026-07-20,BKK_Sukhumvit,Guava,388,18.0,280.62,0.04433497536945813,True
2026-07-20,BKK_Sukhumvit,MixedBerryPremium,124,26.0,1299.48,0.17333333333333334,True
2026-07-20,BKK_Sukhumvit,PassionFruit,305,27.0,928.53,0.08132530120481928,True
2026-07-20,BKK_Sukhumvit,Pineapple,610,20.0,309.2,0.031746031746031744,True
2026-07-20,BKK_Sukhumvit,Watermelon,905,25.0,340.25,0.026881720430107527,True
2026-07-20,Pattaya_Beach,Guava,433,17.0,265.03,0.03777777777777778,True
2026-07-20,Pattaya_Beach,MixedBerryPremium,152,32.0,1599.3600000000001,0.17391304347826086,True
2026-07-20,Pattaya_Beach,PassionFruit,369,29.0,997.31,0.0728643216080402,True
2026-07-20,Pattaya_Beach,Pineapple,651,26.0,401.96000000000004,0.03840472673559823,True
2026-07-20,Pattaya_Beach,Watermelon,1007,25.0,340.25,0.02422480620155039,True
2026-07-20,Pattaya_Central,Guava,540,27.0,420.93,0.047619047619047616,True
2026-07-20,Pattaya_Central,MixedBerryPremium,205,45.0,2249.1,0.18,True
2026-07-20,Pattaya_Central,PassionFruit,409,38.0,1306.82,0.08501118568232663,True
2026-07-20,Pattaya_Central,Pineapple,795,32.0,494.72,0.03869407496977025,True
2026-07-20,Pattaya_Central,Watermelon,1266,43.0,585.23,0.03284950343773873,True
2026-07-27,BKK_Ladprao,Guava,228,18.0,297.36,0.07317073170731707,True
2026-07-27,BKK_Ladprao,MixedBerryPremium,79,36.0,1881.72,0.3130434782608696,True
2026-07-27,BKK_Ladprao,PassionFruit,189,27.0,876.42,0.125,True
2026-07-27,BKK_Ladprao,Pineapple,333,24.0,393.36,0.06722689075630252,True
2026-07-27,BKK_Ladprao,Watermelon,552,32.0,448.32,0.0547945205479452,True
2026-07-27,BKK_Sukhumvit,Guava,359,21.0,346.92,0.05526315789473684,True
2026-07-27,BKK_Sukhumvit,MixedBerryPremium,140,33.0,1724.91,0.1907514450867052,True
2026-07-27,BKK_Sukhumvit,PassionFruit,303,25.0,811.5,0.07621951219512195,True
2026-07-27,BKK_Sukhumvit,Pineapple,628,24.0,393.36,0.03680981595092025,True
2026-07-27,BKK_Sukhumvit,Watermelon,947,26.0,364.26,0.02672147995889003,True
2026-07-27,Pattaya_Beach,Guava,474,25.0,413.0,0.050100200400801605,True
2026-07-27,Pattaya_Beach,MixedBerryPremium,157,36.0,1881.72,0.18652849740932642,True
2026-07-27,Pattaya_Beach,PassionFruit,345,28.0,908.88,0.07506702412868632,True
2026-07-27,Pattaya_Beach,Pineapple,714,27.0,442.53000000000003,0.03643724696356275,True
2026-07-27,Pattaya_Beach,Watermelon,1038,27.0,378.27,0.02535211267605634,True
2026-07-27,Pattaya_Central,Guava,483,29.0,479.08,0.056640625,True
2026-07-27,Pattaya_Central,MixedBerryPremium,181,39.0,2038.5300000000002,0.17727272727272728,True
2026-07-27,Pattaya_Central,PassionFruit,423,40.0,1298.4,0.08639308855291576,True
2026-07-27,Pattaya_Central,Pineapple,791,30.0,491.70000000000005,0.03654080389768575,True
2026-07-27,Pattaya_Central,Watermelon,1261,33.0,462.33,0.025502318392581144,True
2026-08-03,BKK_Ladprao,Guava,235,18.0,280.62,0.07114624505928854,True
2026-08-03,BKK_Ladprao,MixedBerryPremium,101,34.0,1883.6,0.2518518518518518,True
2026-08-03,BKK_Ladprao,PassionFruit,184,24.0,771.6,0.11538461538461539,True
2026-08-03,BKK_Ladprao,Pineapple,404,34.0,560.32,0.0776255707762557,True
2026-08-03,BKK_Ladprao,Watermelon,557,33.0,467.61,0.05593220338983051,True
2026-08-03,BKK_Sukhumvit,Guava,429,20.0,311.8,0.044543429844097995,True
2026-08-03,BKK_Sukhumvit,MixedBerryPremium,155,40.0,2216.0,0.20512820512820512,True
2026-08-03,BKK_Sukhumvit,PassionFruit,328,34.0,1093.1000000000001,0.09392265193370165,True
2026-08-03,BKK_Sukhumvit,Pineapple,679,20.0,329.6,0.02861230329041488,True
2026-08-03,BKK_Sukhumvit,Watermelon,1048,27.0,382.59,0.025116279069767444,True
2026-08-03,Pattaya_Beach,Guava,504,29.0,452.11,0.054409005628517824,True
2026-08-03,Pattaya_Beach,MixedBerryPremium,204,51.0,2825.4,0.2,True
2026-08-03,Pattaya_Beach,PassionFruit,406,36.0,1157.4,0.08144796380090498,True
2026-08-03,Pattaya_Beach,Pineapple,677,30.0,494.4,0.042432814710042434,True
2026-08-03,Pattaya_Beach,Watermelon,1234,45.0,637.65,0.035183737294761534,True
2026-08-03,Pattaya_Central,Guava,544,38.0,592.42,0.06529209621993128,True
2026-08-03,Pattaya_Central,MixedBerryPremium,204,34.0,1883.6,0.14285714285714285,True
2026-08-03,Pattaya_Central,PassionFruit,453,38.0,1221.7,0.07739307535641547,True
2026-08-03,Pattaya_Central,Pineapple,852,28.0,461.44,0.031818181818181815,True
2026-08-03,Pattaya_Central,Watermelon,1362,37.0,524.29,0.02644746247319514,True
2026-08-10,BKK_Ladprao,Guava,220,21.0,342.93,0.08713692946058091,True
2026-08-10,BKK_Ladprao,MixedBerryPremium,70,26.0,1531.92,0.2708333333333333,True
2026-08-10,BKK_Ladprao,PassionFruit,208,28.0,961.24,0.11864406779661017,True
2026-08-10,BKK_Ladprao,Pineapple,375,27.0,421.2,0.06716417910447761,True
2026-08-10,BKK_Ladprao,Watermelon,554,30.0,417.6,0.05136986301369863,True
2026-08-10,BKK_Sukhumvit,Guava,418,18.0,293.94,0.04128440366972477,True
2026-08-10,BKK_Sukhumvit,MixedBerryPremium,134,30.0,1767.6,0.18292682926829268,True
2026-08-10,BKK_Sukhumvit,PassionFruit,322,30.0,1029.9,0.08522727272727272,True
2026-08-10,BKK_Sukhumvit,Pineapple,606,23.0,358.79999999999995,0.03656597774244833,True
2026-08-10,BKK_Sukhumvit,Watermelon,966,38.0,528.96,0.037848605577689244,True
2026-08-10,Pattaya_Beach,Guava,470,21.0,342.93,0.04276985743380855,True
2026-08-10,Pattaya_Beach,MixedBerryPremium,172,39.0,2297.88,0.1848341232227488,True
2026-08-10,Pattaya_Beach,PassionFruit,338,30.0,1029.9,0.08152173913043478,True
2026-08-10,Pattaya_Beach,Pineapple,616,30.0,468.0,0.04643962848297214,True
2026-08-10,Pattaya_Beach,Watermelon,1054,33.0,459.36,0.03035878564857406,True
2026-08-10,Pattaya_Central,Guava,530,27.0,440.90999999999997,0.04847396768402154,True
2026-08-10,Pattaya_Central,MixedBerryPremium,163,32.0,1885.44,0.1641025641025641,True
2026-08-10,Pattaya_Central,PassionFruit,421,43.0,1476.19,0.09267241379310345,True
2026-08-10,Pattaya_Central,Pineapple,821,34.0,530.4,0.03976608187134503,True
2026-08-10,Pattaya_Central,Watermelon,1208,34.0,473.28,0.027375201288244767,True
2026-08-17,BKK_Ladprao,Guava,222,19.0,292.03,0.07883817427385892,True
2026-08-17,BKK_Ladprao,MixedBerryPremium,89,38.0,2301.66,0.2992125984251969,True
2026-08-17,BKK_Ladprao,PassionFruit,182,26.0,881.4,0.125,True
2026-08-17,BKK_Ladprao,Pineapple,357,22.0,370.7,0.05804749340369393,True
2026-08-17,BKK_Ladprao,Watermelon,578,31.0,428.73,0.05090311986863711,True
2026-08-17,BKK_Sukhumvit,Guava,384,17.0,261.28999999999996,0.04239401496259352,True
2026-08-17,BKK_Sukhumvit,MixedBerryPremium,151,33.0,1998.81,0.1793478260869565,True
2026-08-17,BKK_Sukhumvit,PassionFruit,296,25.0,847.5,0.0778816199376947,True
2026-08-17,BKK_Sukhumvit,Pineapple,643,22.0,370.7,0.03308270676691729,True
2026-08-17,BKK_Sukhumvit,Watermelon,943,24.0,331.92,0.02481902792140641,True
2026-08-17,Pattaya_Beach,Guava,431,27.0,414.99,0.05895196506550218,True
2026-08-17,Pattaya_Beach,MixedBerryPremium,153,32.0,1938.24,0.17297297297297298,True
2026-08-17,Pattaya_Beach,PassionFruit,334,31.0,1050.9,0.08493150684931507,True
2026-08-17,Pattaya_Beach,Pineapple,662,27.0,454.95,0.03918722786647315,True
2026-08-17,Pattaya_Beach,Watermelon,1080,32.0,442.56000000000006,0.02877697841726619,True
2026-08-17,Pattaya_Central,Guava,545,25.0,384.25,0.043859649122807015,True
2026-08-17,Pattaya_Central,MixedBerryPremium,204,56.0,3391.92,0.2153846153846154,True
2026-08-17,Pattaya_Central,PassionFruit,440,32.0,1084.8,0.06779661016949153,True
2026-08-17,Pattaya_Central,Pineapple,797,34.0,572.9,0.04091456077015644,True
2026-08-17,Pattaya_Central,Watermelon,1244,47.0,650.01,0.03640588690937258,True
2026-08-24,BKK_Ladprao,Guava,276,26.0,420.68,0.08609271523178808,True
2026-08-24,BKK_Ladprao,MixedBerryPremium,72,32.0,1984.32,0.3076923076923077,True
2026-08-24,BKK_Ladprao,PassionFruit,170,29.0,1031.24,0.1457286432160804,True
2026-08-24,BKK_Ladprao,Pineapple,380,26.0,397.28000000000003,0.06403940886699508,True
2026-08-24,BKK_Ladprao,Watermelon,573,23.0,314.64,0.03859060402684564,True
2026-08-24,BKK_Sukhumvit,Guava,368,17.0,275.06,0.04415584415584416,True
2026-08-24,BKK_Sukhumvit,MixedBerryPremium,131,25.0,1550.25,0.16025641025641027,True
2026-08-24,BKK_Sukhumvit,PassionFruit,298,28.0,995.6800000000001,0.08588957055214724,True
2026-08-24,BKK_Sukhumvit,Pineapple,622,34.0,519.52,0.051829268292682924,True
2026-08-24,BKK_Sukhumvit,Watermelon,924,30.0,410.4,0.031446540880503145,True
2026-08-24,Pattaya_Beach,Guava,406,22.0,355.96000000000004,0.0514018691588785,True
2026-08-24,Pattaya_Beach,MixedBerryPremium,147,32.0,1984.32,0.1787709497206704,True
2026-08-24,Pattaya_Beach,PassionFruit,381,37.0,1315.72,0.08851674641148326,True
2026-08-24,Pattaya_Beach,Pineapple,706,29.0,443.12,0.03945578231292517,True
2026-08-24,Pattaya_Beach,Watermelon,1030,37.0,506.16,0.03467666354264293,True
2026-08-24,Pattaya_Central,Guava,510,27.0,436.86,0.05027932960893855,True
2026-08-24,Pattaya_Central,MixedBerryPremium,157,34.0,2108.34,0.17801047120418848,True
2026-08-24,Pattaya_Central,PassionFruit,410,34.0,1209.04,0.07657657657657657,True
2026-08-24,Pattaya_Central,Pineapple,808,37.0,565.36,0.04378698224852071,True
2026-08-24,Pattaya_Central,Watermelon,1232,34.0,465.12,0.026856240126382307,True
2026-08-31,BKK_Ladprao,Guava,20,1.0,16.28,0.047619047619047616,True
2026-08-31,BKK_Ladprao,MixedBerryPremium,12,3.0,178.32,0.2,True
2026-08-31,BKK_Ladprao,PassionFruit,22,4.0,139.32,0.15384615384615385,True
2026-08-31,BKK_Ladprao,Pineapple,41,3.0,49.83,0.06818181818181818,True
2026-08-31,BKK_Ladprao,Watermelon,82,5.0,71.75,0.05747126436781609,True
2026-08-31,BKK_Sukhumvit,Guava,54,2.0,32.56,0.03571428571428571,True
2026-08-31,BKK_Sukhumvit,MixedBerryPremium,16,3.0,178.32,0.15789473684210525,True
2026-08-31,BKK_Sukhumvit,PassionFruit,42,3.0,104.49,0.06666666666666667,True
2026-08-31,BKK_Sukhumvit,Pineapple,87,3.0,49.83,0.03333333333333333,True
2026-08-31,BKK_Sukhumvit,Watermelon,136,4.0,57.4,0.02857142857142857,True
2026-08-31,Pattaya_Beach,Guava,52,2.0,32.56,0.037037037037037035,True
2026-08-31,Pattaya_Beach,MixedBerryPremium,21,4.0,237.76,0.16,True
2026-08-31,Pattaya_Beach,PassionFruit,45,3.0,104.49,0.0625,True
2026-08-31,Pattaya_Beach,Pineapple,84,4.0,66.44,0.045454545454545456,True
2026-08-31,Pattaya_Beach,Watermelon,160,8.0,114.8,0.047619047619047616,True
2026-08-31,Pattaya_Central,Guava,63,5.0,81.4,0.07352941176470588,True
2026-08-31,Pattaya_Central,MixedBerryPremium,21,4.0,237.76,0.16,True
2026-08-31,Pattaya_Central,PassionFruit,49,4.0,139.32,0.07547169811320754,True
2026-08-31,Pattaya_Central,Pineapple,100,3.0,49.83,0.02912621359223301,True
2026-08-31,Pattaya_Central,Watermelon,187,5.0,71.75,0.026041666666666668,True
