kitchen,sku,units_sold,gross_revenue_thb,sold_fruit_cost_thb,sold_packaging_cost_thb,sold_labor_cost_thb,commission_thb,product_margin_thb,contribution_before_waste_thb,units_wasted,waste_cost_thb,contribution_after_waste_thb,realized_price_thb,revenue_per_cup_thb,fruit_cost_per_cup_thb,packaging_cost_per_cup_thb,labor_cost_per_cup_thb,commission_per_cup_thb,contribution_before_waste_per_cup_thb,contribution_after_waste_per_cup_thb,product_margin_pct,contribution_margin_pct,contribution_after_waste_margin_pct,waste_cost_pct_revenue,waste_rate,profit_layer,profit_rank,contribution_mix,cumulative_contribution_mix,top_20pct_flag
Pattaya_Central,Watermelon,80102,3535734.6,617261.74,480612,400510.0,963945.279,2037350.86,1073405.581,2474.0,33896.41,1039509.171,44.140403485555915,44.140403485555915,7.705946667998302,6.0,5.0,12.033972672342763,13.40048414521485,12.977318556340665,0.5762171346231699,0.30358771300311965,0.2940009046493478,0.009586808353771802,0.029960279015694632,Contribution after waste; overhead intentionally not allocated,1,0.13611897572173687,0.13611897572173687,True
Pattaya_Beach,Watermelon,67926,2997063.9,523484.42,407556,339630.0,818435.205,1726393.48,907958.275,2085.0,28627.62,879330.655,44.12248476283014,44.12248476283014,7.706686982893149,6.0,5.0,12.048923902482112,13.366873877454879,12.945420825604334,0.5760282521837455,0.3029492547689758,0.2933973663357662,0.009551888433209582,0.029781034408878606,Contribution after waste; overhead intentionally not allocated,2,0.11514433101555001,0.25126330673728686,True
BKK_Sukhumvit,Watermelon,60657,2678107.05,467579.61,363942,303285.0,732432.942,1543300.44,810867.498,1918.0,26326.25,784541.248,44.15165685741134,44.15165685741134,7.708584499727978,6.0,5.0,12.07499451011425,13.368077847569118,12.934059514977662,0.576265403580488,0.30277635765157335,0.29294618674783746,0.009830170903735906,0.030651218537754696,Contribution after waste; overhead intentionally not allocated,3,0.10273209132583318,0.35399539806312,True
Pattaya_Central,Pineapple,53054,2557599.1,498442.49,318324,265270.0,698741.9796,1475562.61,776820.6304,2265.0,34863.18,741957.4504,48.207469747804126,48.207469747804126,9.395003015795227,6.0,5.0,13.170392045840087,14.64207468616881,13.984948362046216,0.5769327217858342,0.30373041279221596,0.2900991990496087,0.013631213742607276,0.04094434100399501,Contribution after waste; overhead intentionally not allocated,4,0.09715593762429574,0.4511513356874158,True
Pattaya_Beach,Pineapple,44942,2165443.28,421793.16,269652,224710.0,596208.4212,1249288.12,653079.6988,1862.0,28664.04,624415.6588,48.18306439410796,48.18306439410796,9.385277913755507,6.0,5.0,13.266174651773396,14.531611828579058,13.89381110764986,0.576920269183869,0.30159169017809606,0.2883546590977899,0.013237031080306109,0.039782924536364415,Contribution after waste; overhead intentionally not allocated,5,0.08176437714224796,0.5329157128296638,False
BKK_Sukhumvit,Pineapple,40239,1939119.14,377975.09,241434,201195.0,526608.831,1118515.05,591906.219,1633.0,25122.25,566783.969,48.19004299311613,48.19004299311613,9.393252565918637,6.0,5.0,13.087025795869678,14.709764631327817,14.085438728596635,0.5768160537057048,0.3052448953703794,0.29228939950538574,0.012955495864993628,0.03899980894153611,Contribution after waste; overhead intentionally not allocated,6,0.0742177707211211,0.6071334835507849,False
BKK_Ladprao,Watermelon,36306,1601789.85,279789.52,217836,181530.0,440591.265,922634.3300000001,482043.065,1805.0,24759.34,457283.725,44.119149727317804,44.119149727317804,7.70642648598028,6.0,5.0,12.135494546355975,13.277228694981545,12.595265934005399,0.5760021078919935,0.30094026691453934,0.2854829708154287,0.015457296099110628,0.047361654115609664,Contribution after waste; overhead intentionally not allocated,7,0.05987921415002157,0.6670126977008065,False
Pattaya_Central,Guava,33186,1596940.87,308883.27,199116,182523.0,436361.5914,906418.6000000001,470057.0086,1752.0,26823.69,443233.3186,48.120920568914606,48.120920568914606,9.307637859338275,6.0,5.5,13.148966172482371,14.164316537093955,13.356033224853855,0.5675968453359204,0.2943484116603516,0.2775514904318279,0.01679692122852363,0.05014597286622016,Contribution after waste; overhead intentionally not allocated,8,0.05803937763775464,0.7250520753385612,False
Pattaya_Beach,Guava,28132,1353277.59,261914.7,168792,154726.0,372545.4516,767844.89,395299.43840000004,1478.0,22618.56,372680.87840000005,48.10456384188824,48.10456384188824,9.310205459974407,6.0,5.5,13.242764524385041,14.051593857528795,13.247578501350777,0.5673964422923755,0.292105212796733,0.27539130268166195,0.01671391011507107,0.049915569064505234,Contribution after waste; overhead intentionally not allocated,9,0.04880085799539827,0.7738529333339594,False
BKK_Sukhumvit,Guava,25045,1204850.22,233300.7,150270,137747.5,329389.515,683532.02,354142.505,1320.0,20199.37,333943.135,48.10741545218606,48.10741545218606,9.315260531044121,6.0,5.5,13.151907167099221,14.140247754042724,13.333724695548014,0.5673170064242509,0.2939307302446274,0.2771656837146114,0.016765046530015988,0.050066375877109805,Contribution after waste; overhead intentionally not allocated,10,0.04372832751612703,0.8175812608500864,False
BKK_Ladprao,Pineapple,23933,1153733.91,224672.24,143598,119665.0,314190.5382,665798.67,351608.13180000003,1673.0,25793.33,325814.8018,48.20682363264112,48.20682363264112,9.387550244432374,6.0,5.0,13.127921205030711,14.69135218317804,13.613621434838926,0.57708165134888,0.30475669368164804,0.2824002995630076,0.022356394118640408,0.06533624931656642,Contribution after waste; overhead intentionally not allocated,11,0.04266395942744088,0.8602452202775273,False
Pattaya_Central,PassionFruit,26821,1711054.15,546349.07,160926,160926.0,470711.748,842853.08,372141.332,2368.0,62387.42,309753.912,63.79531523805973,63.79531523805973,20.37019760635323,6.0,6.0,17.550119234927855,13.874998396778643,11.548932254576638,0.49259287322964035,0.21749243412313982,0.18103103984172567,0.03646139428141418,0.08112645174552058,Contribution after waste; overhead intentionally not allocated,12,0.04056085930120285,0.9008060795787302,False
Pattaya_Beach,PassionFruit,22655,1446184.35,462566.15,135930,135930.0,396579.339,711758.2000000001,315178.861,2013.0,53397.909999999996,261780.95099999997,63.835107040388436,63.835107040388436,20.41783932906643,6.0,6.0,17.505157316265723,13.912110395056278,11.5551070845288,0.4921628421715392,0.2179382324252091,0.18101492454955687,0.03692330787565223,0.08160369709745419,Contribution after waste; overhead intentionally not allocated,13,0.03427901927916919,0.9350850988578994,False
BKK_Sukhumvit,PassionFruit,20057,1280316.7,408938.36,120342,120342.0,350082.603,630694.34,280611.737,1753.0,46488.0,234123.73700000002,63.833908361170664,63.833908361170664,20.388809891808346,6.0,6.0,17.4543851523159,13.990713317046419,11.672919030762328,0.49260807111240523,0.21917369116563115,0.18286392499605764,0.036309766169573515,0.08037597432370472,Contribution after waste; overhead intentionally not allocated,14,0.030657433490392273,0.9657425323482917,False
BKK_Ladprao,Guava,15141,727969.48,140838.79,90846,83275.5,199778.5566,413009.19,213230.63340000002,1294.0,19787.49,193443.14340000003,48.07935275080906,48.07935275080906,9.30181560002642,6.0,5.5,13.194541747572817,14.082995403209829,12.776114087576781,0.5673441007444433,0.2929115014547039,0.26572974377991787,0.02718175767478604,0.07873440827502282,Contribution after waste; overhead intentionally not allocated,15,0.0253304956556281,0.9910730280039197,False
BKK_Ladprao,PassionFruit,11883,758621.5,241954.25,71298,71298.0,206879.01,374071.25,167192.24,1709.0,45158.99,122033.25,63.84090717832197,63.84090717832197,20.3613775982496,6.0,6.0,17.409661701590508,14.069867878481864,10.269565766220651,0.4930933937411476,0.22038953549299617,0.16086183953394415,0.05952769595905204,0.1257357268981754,Contribution after waste; overhead intentionally not allocated,16,0.015979696435015525,1.0070527244389353,False
Pattaya_Central,MixedBerryPremium,9194,799696.15,351943.66,73552,64358.0,216890.4546,309842.49,92952.03540000001,2075.0,95980.31,-3028.2745999999897,86.98022079617142,86.98022079617142,38.27971068087883,8.0,7.0,23.59043447900805,10.110075636284535,-0.32937509245159774,0.38745027095603746,0.11623419144883967,-0.0037867815169548955,0.12002097296579456,0.18413346348389387,Contribution after waste; overhead intentionally not allocated,17,-0.00039653872063448204,1.006656185718301,False
Pattaya_Beach,MixedBerryPremium,7784,677538.31,298526.95,62272,54488.0,184918.593,262251.36,77332.767,1791.0,82902.37,-5569.602999999988,87.04243448098664,87.04243448098664,38.351355344295996,8.0,7.0,23.756242677286743,9.934836459403906,-0.7155193987666995,0.387064991203228,0.11413785148178558,-0.00822035140714034,0.12235820288892592,0.18704960835509138,Contribution after waste; overhead intentionally not allocated,18,-0.0007293140615656109,1.0059268716567353,False
BKK_Sukhumvit,MixedBerryPremium,6903,600264.06,264236.45,55224,48321.0,163175.55479999998,232482.61000000002,69307.05520000002,1630.0,75154.64,-5847.584799999982,86.95698392003477,86.95698392003477,38.27849485730842,8.0,7.0,23.638353585397653,10.0401354773287,-0.8471077502535104,0.3873005656877075,0.11546094430507801,-0.009741687350063873,0.1252026316551419,0.19102308683932967,Contribution after waste; overhead intentionally not allocated,19,-0.0007657145079886891,1.0051611571487467,False
BKK_Ladprao,MixedBerryPremium,4163,361628.36,158773.75,33304,29141.0,98924.6748,140409.61,41484.93520000001,1755.0,80899.5,-39414.56479999999,86.86724957963007,86.86724957963007,38.13926255104492,8.0,7.0,23.762833245255823,9.965153783329331,-9.467827239971173,0.3882704608676156,0.11471704044450498,-0.10899190760370672,0.2237089480482117,0.29655288948969244,Contribution after waste; overhead intentionally not allocated,20,-0.0051611571487463325,1.0000000000000002,False
